Application,ProcessID,SwapChainAddress,Runtime,SyncInterval,PresentFlags,AllowsTearing,PresentMode,WasBatched,DwmNotified,Dropped,TimeInSeconds,MsBetweenPresents,MsBetweenDisplayChange,MsInPresentAPI,MsUntilRenderComplete,MsUntilDisplayed,MsEstimatedDriverLag,Width,Height,Motherboard,OS,Processor,System RAM,Base Driver Version,Driver Package,GPU #,GPU,GPU Core Clock (MHz),GPU Memory Clock (MHz),GPU Memory (MB)
javaw.exe,9000,0x0000000000000000,Other,-1,0,0,Composed: Copy with GPU GDI,0,1,0,0.017844,4.126,16.675,0.000,2.076,36.428,6.202,0,0,"HP 887A","Windows 11 Home Single Language 22H2 OS Build 22621.2715","AMD Ryzen 3 5300U with Radeon Graphics         ",11 GB DDR4 3200 MT/s,22.20.44,22.20.44-221025a-387389C-HP,1,AMD Radeon(TM) Graphics,1500,1333,512
javaw.exe,9000,0x0000000000000000,Other,-1,0,0,Composed: Copy with GPU GDI,0,1,0,0.061683,43.839,33.332,0.000,1.236,25.920,45.075,0,0
javaw.exe,9000,0x0000000000000000,Other,-1,0,0,Composed: Copy with GPU GDI,0,1,0,0.066726,5.043,16.707,0.000,1.867,37.584,6.910,0,0
javaw.exe,9000,0x0000000000000000,Other,-1,0,0,Composed: Copy with GPU GDI,0,1,0,0.073006,6.280,0.000,0.000,1.415,31.305,7.694,0,0
javaw.exe,9000,0x0000000000000000,Other,-1,0,0,Composed: Copy with GPU GDI,0,1,0,0.122098,49.092,33.282,0.000,1.762,15.495,50.854,0,0
javaw.exe,9000,0x0000000000000000,Other,-1,0,0,Composed: Copy with GPU GDI,0,0,1,0.126226,4.128,0.000,0.000,1.301,0.000,5.429,0,0
javaw.exe,9000,0x0000000000000000,Other,-1,0,0,Composed: Copy with GPU GDI,0,1,0,0.130322,4.096,16.675,0.000,1.365,23.945,5.462,0,0
javaw.exe,9000,0x0000000000000000,Other,-1,0,0,Composed: Copy with GPU GDI,0,1,0,0.169788,39.466,33.362,0.000,1.739,17.841,41.205,0,0
javaw.exe,9000,0x0000000000000000,Other,-1,0,0,Composed: Copy with GPU GDI,0,0,1,0.173848,4.060,0.000,0.000,3.016,0.000,7.076,0,0
javaw.exe,9000,0x0000000000000000,Other,-1,0,0,Composed: Copy with GPU GDI,0,1,0,0.179807,5.959,16.641,0.000,2.055,24.463,8.014,0,0
javaw.exe,9000,0x0000000000000000,Other,-1,0,0,Composed: Copy with GPU GDI,0,1,0,0.192118,12.311,16.673,0.000,1.999,28.824,14.310,0,0
javaw.exe,9000,0x0000000000000000,Other,-1,0,0,Composed: Copy with GPU GDI,0,1,0,0.233947,41.828,33.284,0.000,1.803,20.280,43.631,0,0
javaw.exe,9000,0x0000000000000000,Other,-1,0,0,Composed: Copy with GPU GDI,0,1,0,0.238382,4.435,16.669,0.000,1.500,32.514,5.935,0,0
javaw.exe,9000,0x0000000000000000,Other,-1,0,0,Composed: Copy with GPU GDI,0,1,0,0.282965,44.583,33.379,0.000,1.751,21.310,46.334,0,0
javaw.exe,9000,0x0000000000000000,Other,-1,0,0,Composed: Copy with GPU GDI,0,1,0,0.287025,4.061,16.653,0.000,1.813,33.902,5.874,0,0
javaw.exe,9000,0x0000000000000000,Other,-1,0,0,Composed: Copy with GPU GDI,0,1,0,0.291241,4.216,0.000,0.000,5.115,29.686,9.331,0,0
javaw.exe,9000,0x0000000000000000,Other,-1,0,0,Composed: Copy with GPU GDI,0,1,0,0.335327,44.086,33.311,0.000,1.280,18.911,45.366,0,0
javaw.exe,9000,0x0000000000000000,Other,-1,0,0,Composed: Copy with GPU GDI,0,1,0,0.338987,3.659,16.681,0.000,1.634,31.933,5.294,0,0
javaw.exe,9000,0x0000000000000000,Other,-1,0,0,Composed: Copy with GPU GDI,0,1,0,0.344038,5.051,0.000,0.000,2.696,26.882,7.747,0,0
javaw.exe,9000,0x0000000000000000,Other,-1,0,0,Composed: Copy with GPU GDI,0,1,0,0.385379,41.341,33.352,0.000,1.361,18.893,42.702,0,0
javaw.exe,9000,0x0000000000000000,Other,-1,0,0,Composed: Copy with GPU GDI,0,0,1,0.389191,3.813,0.000,0.000,1.484,0.000,5.296,0,0
javaw.exe,9000,0x0000000000000000,Other,-1,0,0,Composed: Copy with GPU GDI,0,1,0,0.392811,3.619,16.667,0.000,3.028,28.128,6.647,0,0
javaw.exe,9000,0x0000000000000000,Other,-1,0,0,Composed: Copy with GPU GDI,0,1,0,0.397865,5.055,0.000,0.000,1.221,23.073,6.275,0,0
javaw.exe,9000,0x0000000000000000,Other,-1,0,0,Composed: Copy with GPU GDI,0,1,0,0.488432,90.567,83.375,0.000,2.283,15.882,92.849,0,0
javaw.exe,9000,0x0000000000000000,Other,-1,0,0,Composed: Copy with GPU GDI,0,1,0,0.522388,33.956,33.321,0.000,1.484,15.246,35.440,0,0
javaw.exe,9000,0x0000000000000000,Other,-1,0,0,Composed: Copy with GPU GDI,0,1,0,0.558504,36.115,33.272,0.000,2.406,12.403,38.521,0,0
javaw.exe,9000,0x0000000000000000,Other,-1,0,0,Composed: Copy with GPU GDI,0,1,0,0.594049,35.545,50.002,0.000,2.978,26.860,38.523,0,0
javaw.exe,9000,0x0000000000000000,Other,-1,0,0,Composed: Copy with GPU GDI,0,1,0,0.600401,6.352,16.654,0.000,4.681,37.161,11.034,0,0
javaw.exe,9000,0x0000000000000000,Other,-1,0,0,Composed: Copy with GPU GDI,0,0,1,0.611468,11.067,0.000,0.000,1.063,0.000,12.130,0,0
javaw.exe,9000,0x0000000000000000,Other,-1,0,0,Composed: Copy with GPU GDI,0,1,0,0.614920,3.452,0.000,0.000,1.220,22.642,4.672,0,0
javaw.exe,9000,0x0000000000000000,Other,-1,0,0,Composed: Copy with GPU GDI,0,1,0,0.649091,34.171,33.370,0.000,1.882,21.842,36.053,0,0
javaw.exe,9000,0x0000000000000000,Other,-1,0,0,Composed: Copy with GPU GDI,0,0,1,0.653261,4.170,0.000,0.000,1.073,0.000,5.242,0,0
javaw.exe,9000,0x0000000000000000,Other,-1,0,0,Composed: Copy with GPU GDI,0,1,0,0.656632,3.372,16.719,0.000,1.124,31.019,4.496,0,0
javaw.exe,9000,0x0000000000000000,Other,-1,0,0,Composed: Copy with GPU GDI,0,0,1,0.661913,5.281,0.000,0.000,1.123,0.000,6.404,0,0
javaw.exe,9000,0x0000000000000000,Other,-1,0,0,Composed: Copy with GPU GDI,0,0,1,0.665316,3.403,0.000,0.000,1.045,0.000,4.448,0,0
javaw.exe,9000,0x0000000000000000,Other,-1,0,0,Composed: Copy with GPU GDI,0,1,0,0.668273,2.957,0.000,0.000,1.521,19.379,4.478,0,0
javaw.exe,9000,0x0000000000000000,Other,-1,0,0,Composed: Copy with GPU GDI,0,1,0,0.702069,33.796,33.256,0.000,1.088,18.839,34.884,0,0
javaw.exe,9000,0x0000000000000000,Other,-1,0,0,Composed: Copy with GPU GDI,0,1,0,0.706109,4.040,16.720,0.000,5.929,31.518,9.969,0,0
javaw.exe,9000,0x0000000000000000,Other,-1,0,0,Composed: Copy with GPU GDI,0,0,1,0.714127,8.018,0.000,0.000,1.524,0.000,9.543,0,0
javaw.exe,9000,0x0000000000000000,Other,-1,0,0,Composed: Copy with GPU GDI,0,1,0,0.717814,3.686,0.000,0.000,1.662,19.814,5.348,0,0
javaw.exe,9000,0x0000000000000000,Other,-1,0,0,Composed: Copy with GPU GDI,0,1,0,0.721627,3.814,16.642,0.000,1.225,32.642,5.039,0,0
javaw.exe,9000,0x0000000000000000,Other,-1,0,0,Composed: Copy with GPU GDI,0,1,0,0.775221,53.593,33.284,0.000,2.190,12.332,55.783,0,0
javaw.exe,9000,0x0000000000000000,Other,-1,0,0,Composed: Copy with GPU GDI,0,1,0,0.809857,34.636,33.371,0.000,1.014,11.067,35.651,0,0
javaw.exe,9000,0x0000000000000000,Other,-1,0,0,Composed: Copy with GPU GDI,0,0,1,0.813167,3.310,0.000,0.000,1.162,0.000,4.471,0,0
javaw.exe,9000,0x0000000000000000,Other,-1,0,0,Composed: Copy with GPU GDI,0,1,0,0.816504,3.338,16.640,0.000,1.105,21.059,4.443,0,0
javaw.exe,9000,0x0000000000000000,Other,-1,0,0,Composed: Copy with GPU GDI,0,0,1,0.819908,3.404,0.000,0.000,1.721,0.000,5.125,0,0
javaw.exe,9000,0x0000000000000000,Other,-1,0,0,Composed: Copy with GPU GDI,0,0,1,0.823882,3.974,0.000,0.000,1.055,0.000,5.029,0,0
javaw.exe,9000,0x0000000000000000,Other,-1,0,0,Composed: Copy with GPU GDI,0,1,0,0.827684,3.801,16.711,0.000,1.223,26.591,5.024,0,0
javaw.exe,9000,0x0000000000000000,Other,-1,0,0,Composed: Copy with GPU GDI,0,1,0,0.863545,35.861,33.302,0.000,4.118,24.032,39.979,0,0
javaw.exe,9000,0x0000000000000000,Other,-1,0,0,Composed: Copy with GPU GDI,0,0,1,0.870199,6.654,0.000,0.000,1.607,0.000,8.261,0,0
javaw.exe,9000,0x0000000000000000,Other,-1,0,0,Composed: Copy with GPU GDI,0,1,0,0.873722,3.523,16.639,0.000,4.550,30.494,8.073,0,0
javaw.exe,9000,0x0000000000000000,Other,-1,0,0,Composed: Copy with GPU GDI,0,0,1,0.880288,6.566,0.000,0.000,1.049,0.000,7.615,0,0
javaw.exe,9000,0x0000000000000000,Other,-1,0,0,Composed: Copy with GPU GDI,0,1,0,0.883536,3.248,0.000,0.000,1.371,20.679,4.619,0,0
javaw.exe,9000,0x0000000000000000,Other,-1,0,0,Composed: Copy with GPU GDI,0,1,0,0.918027,34.491,33.343,0.000,1.173,19.531,35.664,0,0
javaw.exe,9000,0x0000000000000000,Other,-1,0,0,Composed: Copy with GPU GDI,0,0,1,0.921386,3.360,0.000,0.000,1.277,0.000,4.637,0,0
javaw.exe,9000,0x0000000000000000,Other,-1,0,0,Composed: Copy with GPU GDI,0,1,0,0.925019,3.633,16.637,0.000,2.688,29.176,6.321,0,0
javaw.exe,9000,0x0000000000000000,Other,-1,0,0,Composed: Copy with GPU GDI,0,0,1,0.929859,4.840,0.000,0.000,0.939,0.000,5.779,0,0
javaw.exe,9000,0x0000000000000000,Other,-1,0,0,Composed: Copy with GPU GDI,0,0,1,0.932756,2.897,0.000,0.000,1.131,0.000,4.028,0,0
javaw.exe,9000,0x0000000000000000,Other,-1,0,0,Composed: Copy with GPU GDI,0,1,0,0.935807,3.050,0.000,0.000,1.262,18.389,4.312,0,0
javaw.exe,9000,0x0000000000000000,Other,-1,0,0,Composed: Copy with GPU GDI,0,1,0,0.969172,33.365,33.455,0.000,2.852,18.479,36.217,0,0
javaw.exe,9000,0x0000000000000000,Other,-1,0,0,Composed: Copy with GPU GDI,0,0,1,0.974294,5.122,0.000,0.000,1.939,0.000,7.061,0,0
javaw.exe,9000,0x0000000000000000,Other,-1,0,0,Composed: Copy with GPU GDI,0,0,1,0.978276,3.982,0.000,0.000,3.681,0.000,7.663,0,0
javaw.exe,9000,0x0000000000000000,Other,-1,0,0,Composed: Copy with GPU GDI,0,1,0,0.984167,5.891,16.617,0.000,2.022,20.100,7.914,0,0
javaw.exe,9000,0x0000000000000000,Other,-1,0,0,Composed: Copy with GPU GDI,0,0,1,0.987463,3.296,0.000,0.000,1.243,0.000,4.539,0,0
javaw.exe,9000,0x0000000000000000,Other,-1,0,0,Composed: Copy with GPU GDI,0,1,0,0.991031,3.567,16.602,0.000,1.262,29.838,4.829,0,0
javaw.exe,9000,0x0000000000000000,Other,-1,0,0,Composed: Copy with GPU GDI,0,1,0,1.040967,49.937,33.320,0.000,1.362,13.221,51.299,0,0
javaw.exe,9000,0x0000000000000000,Other,-1,0,0,Composed: Copy with GPU GDI,0,1,0,1.044794,3.827,16.704,0.000,1.865,26.098,5.692,0,0
javaw.exe,9000,0x0000000000000000,Other,-1,0,0,Composed: Copy with GPU GDI,0,1,0,1.082290,37.496,33.299,0.000,1.210,21.901,38.706,0,0
javaw.exe,9000,0x0000000000000000,Other,-1,0,0,Composed: Copy with GPU GDI,0,1,0,1.085522,3.232,16.740,0.000,1.552,35.409,4.783,0,0
javaw.exe,9000,0x0000000000000000,Other,-1,0,0,Composed: Copy with GPU GDI,0,0,1,1.089754,4.232,0.000,0.000,3.474,0.000,7.706,0,0
javaw.exe,9000,0x0000000000000000,Other,-1,0,0,Composed: Copy with GPU GDI,0,0,1,1.095172,5.418,0.000,0.000,1.157,0.000,6.575,0,0
javaw.exe,9000,0x0000000000000000,Other,-1,0,0,Composed: Copy with GPU GDI,0,1,0,1.098737,3.564,0.000,0.000,1.847,22.195,5.412,0,0
javaw.exe,9000,0x0000000000000000,Other,-1,0,0,Composed: Copy with GPU GDI,0,1,0,1.135900,37.163,33.307,0.000,1.368,18.339,38.531,0,0
javaw.exe,9000,0x0000000000000000,Other,-1,0,0,Composed: Copy with GPU GDI,0,0,1,1.140606,4.706,0.000,0.000,1.142,0.000,5.848,0,0
javaw.exe,9000,0x0000000000000000,Other,-1,0,0,Composed: Copy with GPU GDI,0,1,0,1.144583,3.977,16.651,0.000,1.192,26.307,5.169,0,0
javaw.exe,9000,0x0000000000000000,Other,-1,0,0,Composed: Copy with GPU GDI,0,1,0,1.150646,6.063,0.000,0.000,1.720,20.244,7.784,0,0
javaw.exe,9000,0x0000000000000000,Other,-1,0,0,Composed: Copy with GPU GDI,0,1,0,1.195819,45.172,49.990,0.000,1.711,25.062,46.884,0,0
javaw.exe,9000,0x0000000000000000,Other,-1,0,0,Composed: Copy with GPU GDI,0,0,1,1.200021,4.202,0.000,0.000,1.395,0.000,5.597,0,0
javaw.exe,9000,0x0000000000000000,Other,-1,0,0,Composed: Copy with GPU GDI,0,1,0,1.203854,3.834,16.694,0.000,1.777,33.720,5.610,0,0
javaw.exe,9000,0x0000000000000000,Other,-1,0,0,Composed: Copy with GPU GDI,0,1,0,1.244191,40.337,33.318,0.000,1.364,26.701,41.701,0,0
javaw.exe,9000,0x0000000000000000,Other,-1,0,0,Composed: Copy with GPU GDI,0,1,0,1.247885,3.694,16.693,0.000,1.773,39.699,5.467,0,0
javaw.exe,9000,0x0000000000000000,Other,-1,0,0,Composed: Copy with GPU GDI,0,0,1,1.252546,4.661,0.000,0.000,3.196,0.000,7.857,0,0
javaw.exe,9000,0x0000000000000000,Other,-1,0,0,Composed: Copy with GPU GDI,0,1,0,1.257824,5.277,0.000,0.000,1.186,29.761,6.463,0,0
javaw.exe,9000,0x0000000000000000,Other,-1,0,0,Composed: Copy with GPU GDI,0,1,0,1.298823,40.999,33.320,0.000,1.015,22.081,42.014,0,0
javaw.exe,9000,0x0000000000000000,Other,-1,0,0,Composed: Copy with GPU GDI,0,1,0,1.301713,2.890,16.688,0.000,2.597,35.879,5.487,0,0
javaw.exe,9000,0x0000000000000000,Other,-1,0,0,Composed: Copy with GPU GDI,0,0,1,1.308128,6.415,0.000,0.000,0.965,0.000,7.380,0,0
javaw.exe,9000,0x0000000000000000,Other,-1,0,0,Composed: Copy with GPU GDI,0,1,0,1.311462,3.334,0.000,0.000,2.148,26.130,5.483,0,0
javaw.exe,9000,0x0000000000000000,Other,-1,0,0,Composed: Copy with GPU GDI,0,1,0,1.348057,36.595,33.275,0.000,1.980,22.810,38.576,0,0
javaw.exe,9000,0x0000000000000000,Other,-1,0,0,Composed: Copy with GPU GDI,0,0,1,1.352493,4.435,0.000,0.000,0.869,0.000,5.304,0,0
javaw.exe,9000,0x0000000000000000,Other,-1,0,0,Composed: Copy with GPU GDI,0,1,0,1.355797,3.304,16.677,0.000,1.055,31.747,4.360,0,0
javaw.exe,9000,0x0000000000000000,Other,-1,0,0,Composed: Copy with GPU GDI,0,0,1,1.360702,4.905,0.000,0.000,1.173,0.000,6.078,0,0
javaw.exe,9000,0x0000000000000000,Other,-1,0,0,Composed: Copy with GPU GDI,0,1,0,1.363887,3.186,0.000,0.000,1.139,23.657,4.324,0,0
javaw.exe,9000,0x0000000000000000,Other,-1,0,0,Composed: Copy with GPU GDI,0,1,0,1.396873,32.986,33.382,0.000,1.394,24.053,34.380,0,0
javaw.exe,9000,0x0000000000000000,Other,-1,0,0,Composed: Copy with GPU GDI,0,0,1,1.400305,3.432,0.000,0.000,1.099,0.000,4.531,0,0
javaw.exe,9000,0x0000000000000000,Other,-1,0,0,Composed: Copy with GPU GDI,0,1,0,1.403855,3.550,16.639,0.000,1.194,33.710,4.744,0,0
javaw.exe,9000,0x0000000000000000,Other,-1,0,0,Composed: Copy with GPU GDI,0,0,1,1.409739,5.884,0.000,0.000,1.112,0.000,6.997,0,0
javaw.exe,9000,0x0000000000000000,Other,-1,0,0,Composed: Copy with GPU GDI,0,0,1,1.413094,3.355,0.000,0.000,1.045,0.000,4.399,0,0
javaw.exe,9000,0x0000000000000000,Other,-1,0,0,Composed: Copy with GPU GDI,0,1,0,1.416136,3.042,0.000,0.000,1.208,21.429,4.250,0,0
javaw.exe,9000,0x0000000000000000,Other,-1,0,0,Composed: Copy with GPU GDI,0,1,0,1.461597,45.461,49.948,0.000,1.651,25.915,47.113,0,0
javaw.exe,9000,0x0000000000000000,Other,-1,0,0,Composed: Copy with GPU GDI,0,0,1,1.466339,4.742,0.000,0.000,1.260,0.000,6.001,0,0
javaw.exe,9000,0x0000000000000000,Other,-1,0,0,Composed: Copy with GPU GDI,0,1,0,1.469681,3.342,16.677,0.000,1.224,34.508,4.566,0,0
javaw.exe,9000,0x0000000000000000,Other,-1,0,0,Composed: Copy with GPU GDI,0,1,0,1.505190,35.509,16.747,0.000,1.289,15.746,36.798,0,0
javaw.exe,9000,0x0000000000000000,Other,-1,0,0,Composed: Copy with GPU GDI,0,0,1,1.508846,3.655,0.000,0.000,1.881,0.000,5.536,0,0
javaw.exe,9000,0x0000000000000000,Other,-1,0,0,Composed: Copy with GPU GDI,0,0,1,1.513116,4.271,0.000,0.000,2.878,0.000,7.149,0,0
javaw.exe,9000,0x0000000000000000,Other,-1,0,0,Composed: Copy with GPU GDI,0,1,0,1.517902,4.785,16.574,0.000,1.049,19.609,5.834,0,0
javaw.exe,9000,0x0000000000000000,Other,-1,0,0,Composed: Copy with GPU GDI,0,0,1,1.521064,3.162,0.000,0.000,0.995,0.000,4.157,0,0
javaw.exe,9000,0x0000000000000000,Other,-1,0,0,Composed: Copy with GPU GDI,0,1,0,1.524166,3.102,16.723,0.000,1.205,30.068,4.307,0,0
javaw.exe,9000,0x0000000000000000,Other,-1,0,0,Composed: Copy with GPU GDI,0,1,0,1.562825,38.659,33.323,0.000,2.055,24.731,40.714,0,0
javaw.exe,9000,0x0000000000000000,Other,-1,0,0,Composed: Copy with GPU GDI,0,0,1,1.567037,4.212,0.000,0.000,1.302,0.000,5.514,0,0
javaw.exe,9000,0x0000000000000000,Other,-1,0,0,Composed: Copy with GPU GDI,0,1,0,1.570774,3.737,16.628,0.000,1.155,33.411,4.891,0,0
javaw.exe,9000,0x0000000000000000,Other,-1,0,0,Composed: Copy with GPU GDI,0,1,0,1.575910,5.136,0.000,0.000,1.314,28.274,6.451,0,0
javaw.exe,9000,0x0000000000000000,Other,-1,0,0,Composed: Copy with GPU GDI,0,1,0,1.623881,47.971,33.372,0.000,1.133,13.675,49.104,0,0
javaw.exe,9000,0x0000000000000000,Other,-1,0,0,Composed: Copy with GPU GDI,0,0,1,1.627468,3.587,0.000,0.000,1.320,0.000,4.908,0,0
javaw.exe,9000,0x0000000000000000,Other,-1,0,0,Composed: Copy with GPU GDI,0,1,0,1.631613,4.144,16.662,0.000,1.393,22.605,5.538,0,0
javaw.exe,9000,0x0000000000000000,Other,-1,0,0,Composed: Copy with GPU GDI,0,1,0,1.665821,34.208,33.288,0.000,1.294,21.686,35.502,0,0
javaw.exe,9000,0x0000000000000000,Other,-1,0,0,Composed: Copy with GPU GDI,0,0,1,1.669593,3.772,0.000,0.000,1.778,0.000,5.550,0,0
javaw.exe,9000,0x0000000000000000,Other,-1,0,0,Composed: Copy with GPU GDI,0,0,1,1.673593,4.000,0.000,0.000,1.081,0.000,5.081,0,0
javaw.exe,9000,0x0000000000000000,Other,-1,0,0,Composed: Copy with GPU GDI,0,0,1,1.676785,3.192,0.000,0.000,2.087,0.000,5.280,0,0
javaw.exe,9000,0x0000000000000000,Other,-1,0,0,Composed: Copy with GPU GDI,0,1,0,1.682877,6.091,16.687,0.000,1.078,21.316,7.170,0,0
javaw.exe,9000,0x0000000000000000,Other,-1,0,0,Composed: Copy with GPU GDI,0,1,0,1.715668,32.792,33.392,0.000,1.279,21.917,34.071,0,0
javaw.exe,9000,0x0000000000000000,Other,-1,0,0,Composed: Copy with GPU GDI,0,0,1,1.719149,3.481,0.000,0.000,1.133,0.000,4.613,0,0
javaw.exe,9000,0x0000000000000000,Other,-1,0,0,Composed: Copy with GPU GDI,0,1,0,1.722560,3.411,16.658,0.000,0.972,31.683,4.383,0,0
javaw.exe,9000,0x0000000000000000,Other,-1,0,0,Composed: Copy with GPU GDI,0,0,1,1.725907,3.347,0.000,0.000,1.802,0.000,5.149,0,0
javaw.exe,9000,0x0000000000000000,Other,-1,0,0,Composed: Copy with GPU GDI,0,0,1,1.729546,3.638,0.000,0.000,0.952,0.000,4.591,0,0
javaw.exe,9000,0x0000000000000000,Other,-1,0,0,Composed: Copy with GPU GDI,0,1,0,1.732374,2.828,0.000,0.000,1.023,21.869,3.852,0,0
javaw.exe,9000,0x0000000000000000,Other,-1,0,0,Composed: Copy with GPU GDI,0,1,0,1.738925,6.551,16.646,0.000,1.781,31.964,8.331,0,0
javaw.exe,9000,0x0000000000000000,Other,-1,0,0,Composed: Copy with GPU GDI,0,1,0,1.773045,34.121,16.688,0.000,1.118,14.531,35.239,0,0
javaw.exe,9000,0x0000000000000000,Other,-1,0,0,Composed: Copy with GPU GDI,0,0,1,1.776204,3.159,0.000,0.000,1.471,0.000,4.630,0,0
javaw.exe,9000,0x0000000000000000,Other,-1,0,0,Composed: Copy with GPU GDI,0,0,1,1.779905,3.701,0.000,0.000,1.125,0.000,4.825,0,0
javaw.exe,9000,0x0000000000000000,Other,-1,0,0,Composed: Copy with GPU GDI,0,1,0,1.785058,5.154,16.667,0.000,1.048,19.186,6.202,0,0
javaw.exe,9000,0x0000000000000000,Other,-1,0,0,Composed: Copy with GPU GDI,0,1,0,1.788097,3.039,16.666,0.000,1.246,32.813,4.285,0,0
javaw.exe,9000,0x0000000000000000,Other,-1,0,0,Composed: Copy with GPU GDI,0,1,0,1.823888,35.790,16.620,0.000,1.186,13.643,36.977,0,0
javaw.exe,9000,0x0000000000000000,Other,-1,0,0,Composed: Copy with GPU GDI,0,0,1,1.827855,3.967,0.000,0.000,0.937,0.000,4.904,0,0
javaw.exe,9000,0x0000000000000000,Other,-1,0,0,Composed: Copy with GPU GDI,0,0,1,1.831216,3.361,0.000,0.000,3.562,0.000,6.922,0,0
javaw.exe,9000,0x0000000000000000,Other,-1,0,0,Composed: Copy with GPU GDI,0,1,0,1.836623,5.407,16.720,0.000,0.987,17.628,6.394,0,0
javaw.exe,9000,0x0000000000000000,Other,-1,0,0,Composed: Copy with GPU GDI,0,1,0,1.839705,3.083,16.619,0.000,1.590,31.164,4.673,0,0
javaw.exe,9000,0x0000000000000000,Other,-1,0,0,Composed: Copy with GPU GDI,0,1,0,1.874704,34.998,16.717,0.000,2.620,12.883,37.619,0,0
javaw.exe,9000,0x0000000000000000,Other,-1,0,0,Composed: Copy with GPU GDI,0,1,0,1.880262,5.558,16.649,0.000,0.769,23.973,6.327,0,0
javaw.exe,9000,0x0000000000000000,Other,-1,0,0,Composed: Copy with GPU GDI,0,0,1,1.889258,8.995,0.000,0.000,1.789,0.000,10.784,0,0
javaw.exe,9000,0x0000000000000000,Other,-1,0,0,Composed: Copy with GPU GDI,0,1,0,1.894111,4.853,16.682,0.000,1.301,26.807,6.154,0,0
javaw.exe,9000,0x0000000000000000,Other,-1,0,0,Composed: Copy with GPU GDI,0,1,0,1.928631,34.520,33.320,0.000,4.892,25.606,39.413,0,0
javaw.exe,9000,0x0000000000000000,Other,-1,0,0,Composed: Copy with GPU GDI,0,1,0,1.938902,10.271,16.664,0.000,4.053,31.999,14.324,0,0
javaw.exe,9000,0x0000000000000000,Other,-1,0,0,Composed: Copy with GPU GDI,0,0,1,1.944803,5.902,0.000,0.000,1.023,0.000,6.925,0,0
javaw.exe,9000,0x0000000000000000,Other,-1,0,0,Composed: Copy with GPU GDI,0,1,0,1.948119,3.316,0.000,0.000,1.174,22.782,4.490,0,0
javaw.exe,9000,0x0000000000000000,Other,-1,0,0,Composed: Copy with GPU GDI,0,1,0,1.981175,33.056,33.345,0.000,1.293,23.072,34.348,0,0
javaw.exe,9000,0x0000000000000000,Other,-1,0,0,Composed: Copy with GPU GDI,0,0,1,1.984616,3.442,0.000,0.000,1.129,0.000,4.570,0,0
javaw.exe,9000,0x0000000000000000,Other,-1,0,0,Composed: Copy with GPU GDI,0,1,0,1.987963,3.346,16.627,0.000,1.254,32.911,4.601,0,0
javaw.exe,9000,0x0000000000000000,Other,-1,0,0,Composed: Copy with GPU GDI,0,0,1,1.993718,5.755,0.000,0.000,1.265,0.000,7.021,0,0
javaw.exe,9000,0x0000000000000000,Other,-1,0,0,Composed: Copy with GPU GDI,0,0,1,1.997192,3.474,0.000,0.000,1.057,0.000,4.531,0,0
javaw.exe,9000,0x0000000000000000,Other,-1,0,0,Composed: Copy with GPU GDI,0,1,0,2.000341,3.150,0.000,0.000,1.577,20.532,4.727,0,0
javaw.exe,9000,0x0000000000000000,Other,-1,0,0,Composed: Copy with GPU GDI,0,1,0,2.034380,34.038,33.486,0.000,2.389,19.980,36.427,0,0
javaw.exe,9000,0x0000000000000000,Other,-1,0,0,Composed: Copy with GPU GDI,0,1,0,2.039033,4.654,16.554,0.000,1.317,31.880,5.971,0,0
javaw.exe,9000,0x0000000000000000,Other,-1,0,0,Composed: Copy with GPU GDI,0,0,1,2.042787,3.754,0.000,0.000,3.077,0.000,6.831,0,0
javaw.exe,9000,0x0000000000000000,Other,-1,0,0,Composed: Copy with GPU GDI,0,0,1,2.047689,4.902,0.000,0.000,1.039,0.000,5.941,0,0
javaw.exe,9000,0x0000000000000000,Other,-1,0,0,Composed: Copy with GPU GDI,0,1,0,2.050638,2.949,0.000,0.000,0.998,20.276,3.947,0,0
javaw.exe,9000,0x0000000000000000,Other,-1,0,0,Composed: Copy with GPU GDI,0,1,0,2.053528,2.890,16.659,0.000,1.328,34.044,4.219,0,0
javaw.exe,9000,0x0000000000000000,Other,-1,0,0,Composed: Copy with GPU GDI,0,1,0,2.091447,37.919,16.659,0.000,1.624,12.785,39.543,0,0
javaw.exe,9000,0x0000000000000000,Other,-1,0,0,Composed: Copy with GPU GDI,0,0,1,2.095122,3.675,0.000,0.000,1.466,0.000,5.140,0,0
javaw.exe,9000,0x0000000000000000,Other,-1,0,0,Composed: Copy with GPU GDI,0,1,0,2.099032,3.911,16.646,0.000,1.103,21.845,5.014,0,0
javaw.exe,9000,0x0000000000000000,Other,-1,0,0,Composed: Copy with GPU GDI,0,0,1,2.104038,5.005,0.000,0.000,1.035,0.000,6.040,0,0
javaw.exe,9000,0x0000000000000000,Other,-1,0,0,Composed: Copy with GPU GDI,0,1,0,2.107298,3.260,16.642,0.000,1.357,30.222,4.618,0,0
javaw.exe,9000,0x0000000000000000,Other,-1,0,0,Composed: Copy with GPU GDI,0,1,0,2.141593,34.295,16.696,0.000,1.173,12.623,35.468,0,0
javaw.exe,9000,0x0000000000000000,Other,-1,0,0,Composed: Copy with GPU GDI,0,0,1,2.146110,4.517,0.000,0.000,1.517,0.000,6.034,0,0
javaw.exe,9000,0x0000000000000000,Other,-1,0,0,Composed: Copy with GPU GDI,0,1,0,2.151353,5.243,16.607,0.000,1.033,19.470,6.276,0,0
javaw.exe,9000,0x0000000000000000,Other,-1,0,0,Composed: Copy with GPU GDI,0,0,1,2.154097,2.744,0.000,0.000,1.033,0.000,3.777,0,0
javaw.exe,9000,0x0000000000000000,Other,-1,0,0,Composed: Copy with GPU GDI,0,0,1,2.157251,3.154,0.000,0.000,1.081,0.000,4.235,0,0
javaw.exe,9000,0x0000000000000000,Other,-1,0,0,Composed: Copy with GPU GDI,0,1,0,2.160456,3.205,16.724,0.000,1.312,27.091,4.518,0,0
javaw.exe,9000,0x0000000000000000,Other,-1,0,0,Composed: Copy with GPU GDI,0,1,0,2.195673,35.217,33.353,0.000,1.129,25.227,36.346,0,0
javaw.exe,9000,0x0000000000000000,Other,-1,0,0,Composed: Copy with GPU GDI,0,1,0,2.231979,36.306,33.324,0.000,1.564,22.245,37.870,0,0
javaw.exe,9000,0x0000000000000000,Other,-1,0,0,Composed: Copy with GPU GDI,0,1,0,2.280624,48.645,50.012,0.000,1.315,23.612,49.960,0,0
javaw.exe,9000,0x0000000000000000,Other,-1,0,0,Composed: Copy with GPU GDI,0,1,0,2.315082,34.458,33.337,0.000,1.116,22.490,35.574,0,0
javaw.exe,9000,0x0000000000000000,Other,-1,0,0,Composed: Copy with GPU GDI,0,1,0,2.319194,4.112,16.639,0.000,1.497,35.017,5.609,0,0
javaw.exe,9000,0x0000000000000000,Other,-1,0,0,Composed: Copy with GPU GDI,0,1,0,2.356262,37.068,16.663,0.000,1.774,14.611,38.842,0,0
javaw.exe,9000,0x0000000000000000,Other,-1,0,0,Composed: Copy with GPU GDI,0,0,1,2.360463,4.201,0.000,0.000,1.555,0.000,5.756,0,0
javaw.exe,9000,0x0000000000000000,Other,-1,0,0,Composed: Copy with GPU GDI,0,0,1,2.365094,4.630,0.000,0.000,2.206,0.000,6.836,0,0
javaw.exe,9000,0x0000000000000000,Other,-1,0,0,Composed: Copy with GPU GDI,0,1,0,2.369158,4.064,16.702,0.000,1.232,18.418,5.296,0,0
javaw.exe,9000,0x0000000000000000,Other,-1,0,0,Composed: Copy with GPU GDI,0,1,0,2.405384,36.226,33.369,0.000,2.427,15.561,38.653,0,0
javaw.exe,9000,0x0000000000000000,Other,-1,0,0,Composed: Copy with GPU GDI,0,0,1,2.410286,4.902,0.000,0.000,2.243,0.000,7.145,0,0
javaw.exe,9000,0x0000000000000000,Other,-1,0,0,Composed: Copy with GPU GDI,0,1,0,2.414821,4.535,16.620,0.000,1.511,22.743,6.046,0,0
javaw.exe,9000,0x0000000000000000,Other,-1,0,0,Composed: Copy with GPU GDI,0,1,0,2.421035,6.214,16.640,0.000,1.219,33.169,7.433,0,0
javaw.exe,9000,0x0000000000000000,Other,-1,0,0,Composed: Copy with GPU GDI,0,1,0,2.456094,35.058,16.696,0.000,1.246,14.807,36.304,0,0
javaw.exe,9000,0x0000000000000000,Other,-1,0,0,Composed: Copy with GPU GDI,0,0,1,2.459932,3.838,0.000,0.000,1.070,0.000,4.908,0,0
javaw.exe,9000,0x0000000000000000,Other,-1,0,0,Composed: Copy with GPU GDI,0,0,1,2.463367,3.435,0.000,0.000,2.598,0.000,6.033,0,0
javaw.exe,9000,0x0000000000000000,Other,-1,0,0,Composed: Copy with GPU GDI,0,1,0,2.467907,4.541,16.648,0.000,0.975,19.641,5.516,0,0
javaw.exe,9000,0x0000000000000000,Other,-1,0,0,Composed: Copy with GPU GDI,0,0,1,2.471229,3.322,0.000,0.000,1.538,0.000,4.859,0,0
javaw.exe,9000,0x0000000000000000,Other,-1,0,0,Composed: Copy with GPU GDI,0,1,0,2.474680,3.451,16.680,0.000,1.567,29.549,5.018,0,0
javaw.exe,9000,0x0000000000000000,Other,-1,0,0,Composed: Copy with GPU GDI,0,1,0,2.508580,33.900,16.591,0.000,2.298,12.240,36.198,0,0
javaw.exe,9000,0x0000000000000000,Other,-1,0,0,Composed: Copy with GPU GDI,0,0,1,2.513359,4.779,0.000,0.000,1.885,0.000,6.664,0,0
javaw.exe,9000,0x0000000000000000,Other,-1,0,0,Composed: Copy with GPU GDI,0,1,0,2.517562,4.204,16.708,0.000,1.072,19.965,5.276,0,0
javaw.exe,9000,0x0000000000000000,Other,-1,0,0,Composed: Copy with GPU GDI,0,0,1,2.522603,5.040,0.000,0.000,1.134,0.000,6.175,0,0
javaw.exe,9000,0x0000000000000000,Other,-1,0,0,Composed: Copy with GPU GDI,0,1,0,2.526263,3.660,16.661,0.000,1.160,27.926,4.820,0,0
javaw.exe,9000,0x0000000000000000,Other,-1,0,0,Composed: Copy with GPU GDI,0,1,0,2.559860,33.597,33.334,0.000,4.134,27.663,37.731,0,0
javaw.exe,9000,0x0000000000000000,Other,-1,0,0,Composed: Copy with GPU GDI,0,1,0,2.566689,6.829,16.674,0.000,1.211,37.508,8.040,0,0
javaw.exe,9000,0x0000000000000000,Other,-1,0,0,Composed: Copy with GPU GDI,0,0,1,2.570146,3.456,0.000,0.000,3.269,0.000,6.725,0,0
javaw.exe,9000,0x0000000000000000,Other,-1,0,0,Composed: Copy with GPU GDI,0,0,1,2.575377,5.232,0.000,0.000,1.055,0.000,6.287,0,0
javaw.exe,9000,0x0000000000000000,Other,-1,0,0,Composed: Copy with GPU GDI,0,1,0,2.578289,2.911,0.000,0.000,1.146,25.908,4.058,0,0
javaw.exe,9000,0x0000000000000000,Other,-1,0,0,Composed: Copy with GPU GDI,0,1,0,2.611438,33.150,16.655,0.000,1.181,9.413,34.331,0,0
javaw.exe,9000,0x0000000000000000,Other,-1,0,0,Composed: Copy with GPU GDI,0,1,0,2.614889,3.451,16.627,0.000,1.284,22.590,4.734,0,0
javaw.exe,9000,0x0000000000000000,Other,-1,0,0,Composed: Copy with GPU GDI,0,0,1,2.618398,3.509,0.000,0.000,2.821,0.000,6.329,0,0
javaw.exe,9000,0x0000000000000000,Other,-1,0,0,Composed: Copy with GPU GDI,0,0,1,2.623125,4.727,0.000,0.000,1.871,0.000,6.598,0,0
javaw.exe,9000,0x0000000000000000,Other,-1,0,0,Composed: Copy with GPU GDI,0,0,1,2.626568,3.443,0.000,0.000,1.020,0.000,4.464,0,0
javaw.exe,9000,0x0000000000000000,Other,-1,0,0,Composed: Copy with GPU GDI,0,0,1,2.629723,3.155,0.000,0.000,1.051,0.000,4.205,0,0
javaw.exe,9000,0x0000000000000000,Other,-1,0,0,Composed: Copy with GPU GDI,0,1,0,2.632585,2.862,16.675,0.000,1.136,21.569,3.998,0,0
javaw.exe,9000,0x0000000000000000,Other,-1,0,0,Composed: Copy with GPU GDI,0,1,0,2.666237,33.651,33.398,0.000,2.932,21.316,36.583,0,0
javaw.exe,9000,0x0000000000000000,Other,-1,0,0,Composed: Copy with GPU GDI,0,0,1,2.671413,5.176,0.000,0.000,1.071,0.000,6.247,0,0
javaw.exe,9000,0x0000000000000000,Other,-1,0,0,Composed: Copy with GPU GDI,0,1,0,2.674666,3.254,16.939,0.000,1.062,29.825,4.316,0,0
javaw.exe,9000,0x0000000000000000,Other,-1,0,0,Composed: Copy with GPU GDI,0,0,1,2.677997,3.330,0.000,0.000,1.901,0.000,5.231,0,0
javaw.exe,9000,0x0000000000000000,Other,-1,0,0,Composed: Copy with GPU GDI,0,0,1,2.681877,3.880,0.000,0.000,0.970,0.000,4.850,0,0
javaw.exe,9000,0x0000000000000000,Other,-1,0,0,Composed: Copy with GPU GDI,0,1,0,2.684864,2.987,0.000,0.000,1.062,19.627,4.050,0,0
javaw.exe,9000,0x0000000000000000,Other,-1,0,0,Composed: Copy with GPU GDI,0,1,0,2.717936,33.072,33.056,0.000,3.241,19.611,36.313,0,0
javaw.exe,9000,0x0000000000000000,Other,-1,0,0,Composed: Copy with GPU GDI,0,0,1,2.723863,5.927,0.000,0.000,1.517,0.000,7.444,0,0
javaw.exe,9000,0x0000000000000000,Other,-1,0,0,Composed: Copy with GPU GDI,0,0,1,2.727809,3.947,0.000,0.000,3.463,0.000,7.410,0,0
javaw.exe,9000,0x0000000000000000,Other,-1,0,0,Composed: Copy with GPU GDI,0,0,1,2.733252,5.443,0.000,0.000,1.075,0.000,6.518,0,0
javaw.exe,9000,0x0000000000000000,Other,-1,0,0,Composed: Copy with GPU GDI,0,1,0,2.736357,3.105,16.681,0.000,1.332,17.871,4.436,0,0
javaw.exe,9000,0x0000000000000000,Other,-1,0,0,Composed: Copy with GPU GDI,0,1,0,2.771012,34.655,33.301,0.000,1.220,16.517,35.874,0,0
javaw.exe,9000,0x0000000000000000,Other,-1,0,0,Composed: Copy with GPU GDI,0,0,1,2.774294,3.282,0.000,0.000,1.958,0.000,5.240,0,0
javaw.exe,9000,0x0000000000000000,Other,-1,0,0,Composed: Copy with GPU GDI,0,0,1,2.778412,4.118,0.000,0.000,3.197,0.000,7.315,0,0
javaw.exe,9000,0x0000000000000000,Other,-1,0,0,Composed: Copy with GPU GDI,0,0,1,2.783452,5.040,0.000,0.000,1.016,0.000,6.056,0,0
javaw.exe,9000,0x0000000000000000,Other,-1,0,0,Composed: Copy with GPU GDI,0,1,0,2.786478,3.026,16.661,0.000,1.034,17.713,4.060,0,0
javaw.exe,9000,0x0000000000000000,Other,-1,0,0,Composed: Copy with GPU GDI,0,1,0,2.789393,2.915,16.662,0.000,1.422,31.459,4.338,0,0
javaw.exe,9000,0x0000000000000000,Other,-1,0,0,Composed: Copy with GPU GDI,0,1,0,2.836028,46.635,33.355,0.000,1.064,18.179,47.699,0,0
javaw.exe,9000,0x0000000000000000,Other,-1,0,0,Composed: Copy with GPU GDI,0,1,0,2.839648,3.620,16.641,0.000,1.312,31.200,4.933,0,0
javaw.exe,9000,0x0000000000000000,Other,-1,0,0,Composed: Copy with GPU GDI,0,1,0,2.876009,36.361,16.726,0.000,1.768,11.564,38.129,0,0
javaw.exe,9000,0x0000000000000000,Other,-1,0,0,Composed: Copy with GPU GDI,0,0,1,2.879715,3.706,0.000,0.000,1.218,0.000,4.924,0,0
javaw.exe,9000,0x0000000000000000,Other,-1,0,0,Composed: Copy with GPU GDI,0,1,0,2.883092,3.377,16.606,0.000,1.011,21.087,4.388,0,0
javaw.exe,9000,0x0000000000000000,Other,-1,0,0,Composed: Copy with GPU GDI,0,0,1,2.887801,4.708,0.000,0.000,1.063,0.000,5.772,0,0
javaw.exe,9000,0x0000000000000000,Other,-1,0,0,Composed: Copy with GPU GDI,0,0,1,2.891078,3.277,0.000,0.000,0.995,0.000,4.273,0,0
javaw.exe,9000,0x0000000000000000,Other,-1,0,0,Composed: Copy with GPU GDI,0,1,0,2.895543,4.465,16.663,0.000,1.201,25.300,5.666,0,0
javaw.exe,9000,0x0000000000000000,Other,-1,0,0,Composed: Copy with GPU GDI,0,1,0,2.937061,41.518,33.321,0.000,1.348,17.103,42.866,0,0
javaw.exe,9000,0x0000000000000000,Other,-1,0,0,Composed: Copy with GPU GDI,0,0,1,2.940728,3.667,0.000,0.000,1.281,0.000,4.948,0,0
javaw.exe,9000,0x0000000000000000,Other,-1,0,0,Composed: Copy with GPU GDI,0,0,1,2.944242,3.514,0.000,0.000,0.983,0.000,4.497,0,0
javaw.exe,9000,0x0000000000000000,Other,-1,0,0,Composed: Copy with GPU GDI,0,1,0,2.949218,4.976,16.713,0.000,1.043,21.659,6.019,0,0
javaw.exe,9000,0x0000000000000000,Other,-1,0,0,Composed: Copy with GPU GDI,0,1,0,2.981998,32.781,33.313,0.000,1.548,22.192,34.328,0,0
javaw.exe,9000,0x0000000000000000,Other,-1,0,0,Composed: Copy with GPU GDI,0,0,1,2.985839,3.841,0.000,0.000,1.200,0.000,5.041,0,0
javaw.exe,9000,0x0000000000000000,Other,-1,0,0,Composed: Copy with GPU GDI,0,1,0,2.989250,3.411,16.650,0.000,1.014,31.590,4.425,0,0
javaw.exe,9000,0x0000000000000000,Other,-1,0,0,Composed: Copy with GPU GDI,0,0,1,2.994200,4.950,0.000,0.000,1.619,0.000,6.569,0,0
javaw.exe,9000,0x0000000000000000,Other,-1,0,0,Composed: Copy with GPU GDI,0,1,0,2.997676,3.475,0.000,0.000,1.272,23.165,4.748,0,0
javaw.exe,9000,0x0000000000000000,Other,-1,0,0,Composed: Copy with GPU GDI,0,1,0,3.030607,32.932,33.344,0.000,1.117,23.578,34.049,0,0
javaw.exe,9000,0x0000000000000000,Other,-1,0,0,Composed: Copy with GPU GDI,0,1,0,3.034716,4.108,16.638,0.000,1.702,36.108,5.811,0,0
javaw.exe,9000,0x0000000000000000,Other,-1,0,0,Composed: Copy with GPU GDI,0,0,1,3.038644,3.928,0.000,0.000,3.538,0.000,7.466,0,0
javaw.exe,9000,0x0000000000000000,Other,-1,0,0,Composed: Copy with GPU GDI,0,0,1,3.044758,6.114,0.000,0.000,1.245,0.000,7.359,0,0
javaw.exe,9000,0x0000000000000000,Other,-1,0,0,Composed: Copy with GPU GDI,0,0,1,3.048160,3.401,0.000,0.000,0.958,0.000,4.359,0,0
javaw.exe,9000,0x0000000000000000,Other,-1,0,0,Composed: Copy with GPU GDI,0,1,0,3.050994,2.834,0.000,0.000,1.253,19.829,4.088,0,0
javaw.exe,9000,0x0000000000000000,Other,-1,0,0,Composed: Copy with GPU GDI,0,1,0,3.084390,33.396,33.347,0.000,3.373,19.780,36.769,0,0
javaw.exe,9000,0x0000000000000000,Other,-1,0,0,Composed: Copy with GPU GDI,0,0,1,3.090095,5.706,0.000,0.000,1.419,0.000,7.125,0,0
javaw.exe,9000,0x0000000000000000,Other,-1,0,0,Composed: Copy with GPU GDI,0,0,1,3.093666,3.571,0.000,0.000,1.069,0.000,4.639,0,0
javaw.exe,9000,0x0000000000000000,Other,-1,0,0,Composed: Copy with GPU GDI,0,0,1,3.098455,4.789,0.000,0.000,0.952,0.000,5.741,0,0
javaw.exe,9000,0x0000000000000000,Other,-1,0,0,Composed: Copy with GPU GDI,0,1,0,3.101208,2.753,16.696,0.000,1.162,19.657,3.915,0,0
javaw.exe,9000,0x0000000000000000,Other,-1,0,0,Composed: Copy with GPU GDI,0,1,0,3.104157,2.949,16.725,0.000,1.181,33.434,4.130,0,0
javaw.exe,9000,0x0000000000000000,Other,-1,0,0,Composed: Copy with GPU GDI,0,1,0,3.196866,92.709,83.225,0.000,1.675,23.950,94.384,0,0
javaw.exe,9000,0x0000000000000000,Other,-1,0,0,Composed: Copy with GPU GDI,0,1,0,3.232438,35.572,33.323,0.000,1.836,21.701,37.407,0,0
javaw.exe,9000,0x0000000000000000,Other,-1,0,0,Composed: Copy with GPU GDI,0,1,0,3.265659,33.221,33.348,0.000,3.141,21.828,36.362,0,0
javaw.exe,9000,0x0000000000000000,Other,-1,0,0,Composed: Copy with GPU GDI,0,1,0,3.297493,31.833,33.354,0.000,1.761,23.349,33.595,0,0
javaw.exe,9000,0x0000000000000000,Other,-1,0,0,Composed: Copy with GPU GDI,0,0,1,3.301576,4.083,0.000,0.000,1.573,0.000,5.656,0,0
javaw.exe,9000,0x0000000000000000,Other,-1,0,0,Composed: Copy with GPU GDI,0,1,0,3.305626,4.050,16.619,0.000,2.927,31.835,6.977,0,0
javaw.exe,9000,0x0000000000000000,Other,-1,0,0,Composed: Copy with GPU GDI,0,0,1,3.310455,4.829,0.000,0.000,1.153,0.000,5.982,0,0
javaw.exe,9000,0x0000000000000000,Other,-1,0,0,Composed: Copy with GPU GDI,0,1,0,3.313707,3.252,0.000,0.000,1.145,23.753,4.397,0,0
javaw.exe,9000,0x0000000000000000,Other,-1,0,0,Composed: Copy with GPU GDI,0,1,0,3.346712,33.005,33.357,0.000,1.744,24.105,34.749,0,0
javaw.exe,9000,0x0000000000000000,Other,-1,0,0,Composed: Copy with GPU GDI,0,1,0,3.350741,4.029,16.678,0.000,1.207,36.755,5.236,0,0
javaw.exe,9000,0x0000000000000000,Other,-1,0,0,Composed: Copy with GPU GDI,0,0,1,3.354243,3.502,0.000,0.000,3.504,0.000,7.006,0,0
javaw.exe,9000,0x0000000000000000,Other,-1,0,0,Composed: Copy with GPU GDI,0,0,1,3.360275,6.032,0.000,0.000,1.020,0.000,7.052,0,0
javaw.exe,9000,0x0000000000000000,Other,-1,0,0,Composed: Copy with GPU GDI,0,1,0,3.363672,3.397,0.000,0.000,1.279,23.823,4.676,0,0
javaw.exe,9000,0x0000000000000000,Other,-1,0,0,Composed: Copy with GPU GDI,0,1,0,3.408638,44.965,33.302,0.000,1.021,12.160,45.986,0,0
javaw.exe,9000,0x0000000000000000,Other,-1,0,0,Composed: Copy with GPU GDI,0,0,1,3.411813,3.175,0.000,0.000,1.323,0.000,4.498,0,0
javaw.exe,9000,0x0000000000000000,Other,-1,0,0,Composed: Copy with GPU GDI,0,1,0,3.415713,3.901,16.690,0.000,1.622,21.774,5.523,0,0
javaw.exe,9000,0x0000000000000000,Other,-1,0,0,Composed: Copy with GPU GDI,0,1,0,3.449235,33.521,33.389,0.000,1.633,21.642,35.155,0,0
javaw.exe,9000,0x0000000000000000,Other,-1,0,0,Composed: Copy with GPU GDI,0,0,1,3.457869,8.634,0.000,0.000,1.452,0.000,10.086,0,0
javaw.exe,9000,0x0000000000000000,Other,-1,0,0,Composed: Copy with GPU GDI,0,0,1,3.461869,4.000,0.000,0.000,1.273,0.000,5.274,0,0
javaw.exe,9000,0x0000000000000000,Other,-1,0,0,Composed: Copy with GPU GDI,0,1,0,3.467696,5.827,16.597,0.000,1.260,19.778,7.087,0,0
javaw.exe,9000,0x0000000000000000,Other,-1,0,0,Composed: Copy with GPU GDI,0,1,0,3.510891,43.194,50.033,0.000,1.119,26.616,44.313,0,0
javaw.exe,9000,0x0000000000000000,Other,-1,0,0,Composed: Copy with GPU GDI,0,0,1,3.514146,3.255,0.000,0.000,1.071,0.000,4.326,0,0
javaw.exe,9000,0x0000000000000000,Other,-1,0,0,Composed: Copy with GPU GDI,0,1,0,3.517819,3.673,16.720,0.000,1.276,36.407,4.949,0,0
javaw.exe,9000,0x0000000000000000,Other,-1,0,0,Composed: Copy with GPU GDI,0,1,0,3.553194,35.375,16.575,0.000,1.054,17.607,36.429,0,0
javaw.exe,9000,0x0000000000000000,Other,-1,0,0,Composed: Copy with GPU GDI,0,0,1,3.556564,3.370,0.000,0.000,1.159,0.000,4.529,0,0
javaw.exe,9000,0x0000000000000000,Other,-1,0,0,Composed: Copy with GPU GDI,0,0,1,3.559968,3.404,0.000,0.000,3.252,0.000,6.656,0,0
javaw.exe,9000,0x0000000000000000,Other,-1,0,0,Composed: Copy with GPU GDI,0,0,1,3.565083,5.115,0.000,0.000,0.993,0.000,6.108,0,0
javaw.exe,9000,0x0000000000000000,Other,-1,0,0,Composed: Copy with GPU GDI,0,1,0,3.568164,3.081,16.749,0.000,1.093,19.386,4.174,0,0
javaw.exe,9000,0x0000000000000000,Other,-1,0,0,Composed: Copy with GPU GDI,0,1,0,3.571807,3.643,16.643,0.000,1.421,32.386,5.064,0,0
javaw.exe,9000,0x0000000000000000,Other,-1,0,0,Composed: Copy with GPU GDI,0,1,0,3.606265,34.458,16.659,0.000,1.819,14.586,36.277,0,0
javaw.exe,9000,0x0000000000000000,Other,-1,0,0,Composed: Copy with GPU GDI,0,0,1,3.610437,4.172,0.000,0.000,1.855,0.000,6.027,0,0
javaw.exe,9000,0x0000000000000000,Other,-1,0,0,Composed: Copy with GPU GDI,0,1,0,3.615138,4.701,16.678,0.000,1.916,22.392,6.617,0,0
javaw.exe,9000,0x0000000000000000,Other,-1,0,0,Composed: Copy with GPU GDI,0,0,1,3.621157,6.019,0.000,0.000,1.794,0.000,7.813,0,0
javaw.exe,9000,0x0000000000000000,Other,-1,0,0,Composed: Copy with GPU GDI,0,1,0,3.624589,3.433,16.666,0.000,1.357,29.606,4.789,0,0
javaw.exe,9000,0x0000000000000000,Other,-1,0,0,Composed: Copy with GPU GDI,0,1,0,3.660633,36.043,33.329,0.000,1.724,26.892,37.767,0,0
javaw.exe,9000,0x0000000000000000,Other,-1,0,0,Composed: Copy with GPU GDI,0,1,0,3.664784,4.151,16.630,0.000,2.205,39.371,6.356,0,0
javaw.exe,9000,0x0000000000000000,Other,-1,0,0,Composed: Copy with GPU GDI,0,0,1,3.669420,4.636,0.000,0.000,3.068,0.000,7.704,0,0
javaw.exe,9000,0x0000000000000000,Other,-1,0,0,Composed: Copy with GPU GDI,0,1,0,3.677425,8.005,0.000,0.000,0.577,26.730,8.582,0,0
javaw.exe,9000,0x0000000000000000,Other,-1,0,0,Composed: Copy with GPU GDI,0,1,0,3.715079,37.654,33.341,0.000,4.116,22.417,41.771,0,0
javaw.exe,9000,0x0000000000000000,Other,-1,0,0,Composed: Copy with GPU GDI,0,1,0,3.722056,6.976,16.661,0.000,3.265,32.102,10.241,0,0
javaw.exe,9000,0x0000000000000000,Other,-1,0,0,Composed: Copy with GPU GDI,0,1,0,3.728439,6.384,0.000,0.000,2.954,25.718,9.338,0,0
javaw.exe,9000,0x0000000000000000,Other,-1,0,0,Composed: Copy with GPU GDI,0,1,0,3.770500,42.060,33.334,0.000,1.202,16.991,43.263,0,0
javaw.exe,9000,0x0000000000000000,Other,-1,0,0,Composed: Copy with GPU GDI,0,0,1,3.774004,3.505,0.000,0.000,1.095,0.000,4.599,0,0
javaw.exe,9000,0x0000000000000000,Other,-1,0,0,Composed: Copy with GPU GDI,0,0,1,3.777234,3.229,0.000,0.000,1.291,0.000,4.520,0,0
javaw.exe,9000,0x0000000000000000,Other,-1,0,0,Composed: Copy with GPU GDI,0,1,0,3.782695,5.461,16.676,0.000,1.208,21.473,6.669,0,0
javaw.exe,9000,0x0000000000000000,Other,-1,0,0,Composed: Copy with GPU GDI,0,1,0,3.817902,35.207,33.330,0.000,1.199,19.596,36.406,0,0
javaw.exe,9000,0x0000000000000000,Other,-1,0,0,Composed: Copy with GPU GDI,0,0,1,3.821311,3.409,0.000,0.000,2.777,0.000,6.186,0,0
javaw.exe,9000,0x0000000000000000,Other,-1,0,0,Composed: Copy with GPU GDI,0,1,0,3.826330,5.020,16.624,0.000,1.501,27.791,6.521,0,0
javaw.exe,9000,0x0000000000000000,Other,-1,0,0,Composed: Copy with GPU GDI,0,1,0,3.832152,5.821,0.000,0.000,1.295,21.970,7.117,0,0
javaw.exe,9000,0x0000000000000000,Other,-1,0,0,Composed: Copy with GPU GDI,0,1,0,3.864521,32.369,33.334,0.000,1.957,22.935,34.326,0,0
javaw.exe,9000,0x0000000000000000,Other,-1,0,0,Composed: Copy with GPU GDI,0,1,0,3.869113,4.592,16.680,0.000,1.306,35.022,5.898,0,0
javaw.exe,9000,0x0000000000000000,Other,-1,0,0,Composed: Copy with GPU GDI,0,0,1,3.872720,3.607,0.000,0.000,2.678,0.000,6.285,0,0
javaw.exe,9000,0x0000000000000000,Other,-1,0,0,Composed: Copy with GPU GDI,0,0,1,3.877442,4.722,0.000,0.000,1.522,0.000,6.243,0,0
javaw.exe,9000,0x0000000000000000,Other,-1,0,0,Composed: Copy with GPU GDI,0,0,1,3.881001,3.559,0.000,0.000,0.931,0.000,4.490,0,0
javaw.exe,9000,0x0000000000000000,Other,-1,0,0,Composed: Copy with GPU GDI,0,1,0,3.883945,2.945,0.000,0.000,1.139,20.190,4.084,0,0
javaw.exe,9000,0x0000000000000000,Other,-1,0,0,Composed: Copy with GPU GDI,0,1,0,3.916696,32.750,33.298,0.000,1.469,20.737,34.220,0,0
javaw.exe,9000,0x0000000000000000,Other,-1,0,0,Composed: Copy with GPU GDI,0,1,0,3.920450,3.754,16.731,0.000,2.534,33.714,6.288,0,0
javaw.exe,9000,0x0000000000000000,Other,-1,0,0,Composed: Copy with GPU GDI,0,0,1,3.927019,6.569,0.000,0.000,1.573,0.000,8.142,0,0
javaw.exe,9000,0x0000000000000000,Other,-1,0,0,Composed: Copy with GPU GDI,0,0,1,3.930423,3.404,0.000,0.000,1.371,0.000,4.775,0,0
javaw.exe,9000,0x0000000000000000,Other,-1,0,0,Composed: Copy with GPU GDI,0,1,0,3.934139,3.716,0.000,0.000,1.086,20.025,4.803,0,0
javaw.exe,9000,0x0000000000000000,Other,-1,0,0,Composed: Copy with GPU GDI,0,1,0,3.966973,32.834,33.350,0.000,1.067,20.541,33.901,0,0
javaw.exe,9000,0x0000000000000000,Other,-1,0,0,Composed: Copy with GPU GDI,0,1,0,3.970443,3.470,16.607,0.000,1.169,33.678,4.639,0,0
javaw.exe,9000,0x0000000000000000,Other,-1,0,0,Composed: Copy with GPU GDI,0,0,1,3.973842,3.399,0.000,0.000,3.447,0.000,6.846,0,0
javaw.exe,9000,0x0000000000000000,Other,-1,0,0,Composed: Copy with GPU GDI,0,0,1,3.979326,5.483,0.000,0.000,0.891,0.000,6.375,0,0
javaw.exe,9000,0x0000000000000000,Other,-1,0,0,Composed: Copy with GPU GDI,0,0,1,3.982247,2.921,0.000,0.000,0.914,0.000,3.835,0,0
javaw.exe,9000,0x0000000000000000,Other,-1,0,0,Composed: Copy with GPU GDI,0,1,0,3.985075,2.829,0.000,0.000,1.055,19.046,3.884,0,0
javaw.exe,9000,0x0000000000000000,Other,-1,0,0,Composed: Copy with GPU GDI,0,1,0,4.018231,33.156,33.311,0.000,1.776,19.201,34.932,0,0
javaw.exe,9000,0x0000000000000000,Other,-1,0,0,Composed: Copy with GPU GDI,0,1,0,4.022411,4.180,16.666,0.000,1.196,31.687,5.376,0,0
javaw.exe,9000,0x0000000000000000,Other,-1,0,0,Composed: Copy with GPU GDI,0,0,1,4.025821,3.409,0.000,0.000,4.037,0.000,7.446,0,0
javaw.exe,9000,0x0000000000000000,Other,-1,0,0,Composed: Copy with GPU GDI,0,0,1,4.031866,6.045,0.000,0.000,0.953,0.000,6.999,0,0
javaw.exe,9000,0x0000000000000000,Other,-1,0,0,Composed: Copy with GPU GDI,0,1,0,4.034782,2.916,0.000,0.000,1.305,19.316,4.221,0,0
javaw.exe,9000,0x0000000000000000,Other,-1,0,0,Composed: Copy with GPU GDI,0,1,0,4.038186,3.404,16.793,0.000,1.190,32.706,4.593,0,0
javaw.exe,9000,0x0000000000000000,Other,-1,0,0,Composed: Copy with GPU GDI,0,1,0,4.072388,34.202,16.555,0.000,1.726,15.059,35.928,0,0
javaw.exe,9000,0x0000000000000000,Other,-1,0,0,Composed: Copy with GPU GDI,0,0,1,4.076339,3.950,0.000,0.000,1.150,0.000,5.100,0,0
javaw.exe,9000,0x0000000000000000,Other,-1,0,0,Composed: Copy with GPU GDI,0,0,1,4.079906,3.568,0.000,0.000,1.345,0.000,4.913,0,0
javaw.exe,9000,0x0000000000000000,Other,-1,0,0,Composed: Copy with GPU GDI,0,1,0,4.085544,5.638,16.686,0.000,0.971,18.588,6.609,0,0
javaw.exe,9000,0x0000000000000000,Other,-1,0,0,Composed: Copy with GPU GDI,0,1,0,4.088738,3.194,16.677,0.000,1.397,32.072,4.591,0,0
javaw.exe,9000,0x0000000000000000,Other,-1,0,0,Composed: Copy with GPU GDI,0,1,0,4.195206,106.468,100.004,0.000,1.327,25.608,107.795,0,0
javaw.exe,9000,0x0000000000000000,Other,-1,0,0,Composed: Copy with GPU GDI,0,1,0,4.236641,41.435,33.288,0.000,1.317,17.461,42.752,0,0
javaw.exe,9000,0x0000000000000000,Other,-1,0,0,Composed: Copy with GPU GDI,0,0,1,4.240314,3.673,0.000,0.000,1.695,0.000,5.368,0,0
javaw.exe,9000,0x0000000000000000,Other,-1,0,0,Composed: Copy with GPU GDI,0,1,0,4.244112,3.798,16.663,0.000,1.295,26.653,5.094,0,0
javaw.exe,9000,0x0000000000000000,Other,-1,0,0,Composed: Copy with GPU GDI,0,1,0,4.279655,35.543,33.396,0.000,2.744,24.506,38.286,0,0
javaw.exe,9000,0x0000000000000000,Other,-1,0,0,Composed: Copy with GPU GDI,0,0,1,4.284642,4.987,0.000,0.000,1.103,0.000,6.090,0,0
javaw.exe,9000,0x0000000000000000,Other,-1,0,0,Composed: Copy with GPU GDI,0,1,0,4.287613,2.971,16.653,0.000,1.034,33.202,4.005,0,0
javaw.exe,9000,0x0000000000000000,Other,-1,0,0,Composed: Copy with GPU GDI,0,0,1,4.290516,2.903,0.000,0.000,2.856,0.000,5.759,0,0
javaw.exe,9000,0x0000000000000000,Other,-1,0,0,Composed: Copy with GPU GDI,0,0,1,4.295421,4.904,0.000,0.000,1.034,0.000,5.939,0,0
javaw.exe,9000,0x0000000000000000,Other,-1,0,0,Composed: Copy with GPU GDI,0,1,0,4.298335,2.914,0.000,0.000,1.177,22.480,4.091,0,0
javaw.exe,9000,0x0000000000000000,Other,-1,0,0,Composed: Copy with GPU GDI,0,1,0,4.332940,34.605,33.620,0.000,1.265,21.494,35.870,0,0
javaw.exe,9000,0x0000000000000000,Other,-1,0,0,Composed: Copy with GPU GDI,0,0,1,4.336411,3.471,0.000,0.000,1.415,0.000,4.886,0,0
javaw.exe,9000,0x0000000000000000,Other,-1,0,0,Composed: Copy with GPU GDI,0,1,0,4.340189,3.778,16.424,0.000,1.054,30.669,4.832,0,0
javaw.exe,9000,0x0000000000000000,Other,-1,0,0,Composed: Copy with GPU GDI,0,0,1,4.345164,4.976,0.000,0.000,1.043,0.000,6.019,0,0
javaw.exe,9000,0x0000000000000000,Other,-1,0,0,Composed: Copy with GPU GDI,0,1,0,4.348386,3.221,0.000,0.000,1.351,22.472,4.572,0,0
javaw.exe,9000,0x0000000000000000,Other,-1,0,0,Composed: Copy with GPU GDI,0,1,0,4.383695,35.310,33.285,0.000,1.120,20.447,36.430,0,0
javaw.exe,9000,0x0000000000000000,Other,-1,0,0,Composed: Copy with GPU GDI,0,0,1,4.386892,3.197,0.000,0.000,1.230,0.000,4.427,0,0
javaw.exe,9000,0x0000000000000000,Other,-1,0,0,Composed: Copy with GPU GDI,0,1,0,4.390267,3.374,16.669,0.000,1.060,30.545,4.435,0,0
javaw.exe,9000,0x0000000000000000,Other,-1,0,0,Composed: Copy with GPU GDI,0,0,1,4.393490,3.223,0.000,0.000,1.980,0.000,5.203,0,0
javaw.exe,9000,0x0000000000000000,Other,-1,0,0,Composed: Copy with GPU GDI,0,0,1,4.397686,4.196,0.000,0.000,0.968,0.000,5.164,0,0
javaw.exe,9000,0x0000000000000000,Other,-1,0,0,Composed: Copy with GPU GDI,0,1,0,4.400527,2.841,0.000,0.000,1.763,20.285,4.604,0,0
javaw.exe,9000,0x0000000000000000,Other,-1,0,0,Composed: Copy with GPU GDI,0,1,0,4.450510,49.983,49.990,0.000,1.714,20.293,51.697,0,0
javaw.exe,9000,0x0000000000000000,Other,-1,0,0,Composed: Copy with GPU GDI,0,1,0,4.488194,37.685,33.334,0.000,1.130,15.942,38.815,0,0
javaw.exe,9000,0x0000000000000000,Other,-1,0,0,Composed: Copy with GPU GDI,0,0,1,4.491546,3.351,0.000,0.000,1.305,0.000,4.657,0,0
javaw.exe,9000,0x0000000000000000,Other,-1,0,0,Composed: Copy with GPU GDI,0,0,1,4.495196,3.650,0.000,0.000,1.030,0.000,4.681,0,0
javaw.exe,9000,0x0000000000000000,Other,-1,0,0,Composed: Copy with GPU GDI,0,0,1,4.498434,3.238,0.000,0.000,2.725,0.000,5.963,0,0
javaw.exe,9000,0x0000000000000000,Other,-1,0,0,Composed: Copy with GPU GDI,0,1,0,4.503024,4.590,16.649,0.000,1.124,17.762,5.714,0,0
javaw.exe,9000,0x0000000000000000,Other,-1,0,0,Composed: Copy with GPU GDI,0,1,0,4.535977,32.953,33.322,0.000,1.372,18.131,34.326,0,0
javaw.exe,9000,0x0000000000000000,Other,-1,0,0,Composed: Copy with GPU GDI,0,0,1,4.539969,3.992,0.000,0.000,1.938,0.000,5.931,0,0
javaw.exe,9000,0x0000000000000000,Other,-1,0,0,Composed: Copy with GPU GDI,0,0,1,4.544468,4.499,0.000,0.000,1.089,0.000,5.588,0,0
javaw.exe,9000,0x0000000000000000,Other,-1,0,0,Composed: Copy with GPU GDI,0,0,1,4.549283,4.814,0.000,0.000,1.025,0.000,5.839,0,0
javaw.exe,9000,0x0000000000000000,Other,-1,0,0,Composed: Copy with GPU GDI,0,1,0,4.552061,2.779,16.717,0.000,1.041,18.764,3.819,0,0
javaw.exe,9000,0x0000000000000000,Other,-1,0,0,Composed: Copy with GPU GDI,0,1,0,4.555070,3.008,16.680,0.000,1.140,32.435,4.149,0,0
javaw.exe,9000,0x0000000000000000,Other,-1,0,0,Composed: Copy with GPU GDI,0,1,0,4.590269,35.200,16.705,0.000,1.780,13.940,36.980,0,0
javaw.exe,9000,0x0000000000000000,Other,-1,0,0,Composed: Copy with GPU GDI,0,0,1,4.594337,4.068,0.000,0.000,1.776,0.000,5.844,0,0
javaw.exe,9000,0x0000000000000000,Other,-1,0,0,Composed: Copy with GPU GDI,0,1,0,4.598358,4.021,16.609,0.000,3.299,22.460,7.320,0,0
javaw.exe,9000,0x0000000000000000,Other,-1,0,0,Composed: Copy with GPU GDI,0,0,1,4.603645,5.287,0.000,0.000,0.963,0.000,6.250,0,0
javaw.exe,9000,0x0000000000000000,Other,-1,0,0,Composed: Copy with GPU GDI,0,1,0,4.606814,3.169,16.635,0.000,1.807,30.640,4.976,0,0
javaw.exe,9000,0x0000000000000000,Other,-1,0,0,Composed: Copy with GPU GDI,0,1,0,4.643184,36.370,16.730,0.000,1.137,11.000,37.507,0,0
javaw.exe,9000,0x0000000000000000,Other,-1,0,0,Composed: Copy with GPU GDI,0,0,1,4.646656,3.473,0.000,0.000,1.179,0.000,4.652,0,0
javaw.exe,9000,0x0000000000000000,Other,-1,0,0,Composed: Copy with GPU GDI,0,1,0,4.650246,3.590,16.563,0.000,1.078,20.501,4.668,0,0
javaw.exe,9000,0x0000000000000000,Other,-1,0,0,Composed: Copy with GPU GDI,0,0,1,4.653592,3.346,0.000,0.000,1.742,0.000,5.088,0,0
javaw.exe,9000,0x0000000000000000,Other,-1,0,0,Composed: Copy with GPU GDI,0,1,0,4.657684,4.092,16.693,0.000,1.496,29.756,5.588,0,0
javaw.exe,9000,0x0000000000000000,Other,-1,0,0,Composed: Copy with GPU GDI,0,1,0,4.695227,37.543,33.362,0.000,1.451,25.575,38.994,0,0
javaw.exe,9000,0x0000000000000000,Other,-1,0,0,Composed: Copy with GPU GDI,0,1,0,4.699295,4.068,16.644,0.000,2.612,38.151,6.680,0,0
javaw.exe,9000,0x0000000000000000,Other,-1,0,0,Composed: Copy with GPU GDI,0,0,1,4.704013,4.718,0.000,0.000,1.523,0.000,6.241,0,0
javaw.exe,9000,0x0000000000000000,Other,-1,0,0,Composed: Copy with GPU GDI,0,0,1,4.707358,3.345,0.000,0.000,1.013,0.000,4.357,0,0
javaw.exe,9000,0x0000000000000000,Other,-1,0,0,Composed: Copy with GPU GDI,0,1,0,4.710213,2.855,0.000,0.000,1.096,27.233,3.951,0,0
javaw.exe,9000,0x0000000000000000,Other,-1,0,0,Composed: Copy with GPU GDI,0,1,0,4.745590,35.377,33.298,0.000,1.421,25.154,36.798,0,0
javaw.exe,9000,0x0000000000000000,Other,-1,0,0,Composed: Copy with GPU GDI,0,0,1,4.748985,3.395,0.000,0.000,1.209,0.000,4.604,0,0
javaw.exe,9000,0x0000000000000000,Other,-1,0,0,Composed: Copy with GPU GDI,0,1,0,4.752282,3.297,16.704,0.000,1.062,35.166,4.359,0,0
javaw.exe,9000,0x0000000000000000,Other,-1,0,0,Composed: Copy with GPU GDI,0,0,1,4.756887,4.604,0.000,0.000,0.965,0.000,5.570,0,0
javaw.exe,9000,0x0000000000000000,Other,-1,0,0,Composed: Copy with GPU GDI,0,1,0,4.759770,2.884,0.000,0.000,1.042,27.678,3.926,0,0
javaw.exe,9000,0x0000000000000000,Other,-1,0,0,Composed: Copy with GPU GDI,0,1,0,4.795076,35.306,33.292,0.000,1.315,25.664,36.621,0,0
javaw.exe,9000,0x0000000000000000,Other,-1,0,0,Composed: Copy with GPU GDI,0,0,1,4.798874,3.797,0.000,0.000,1.158,0.000,4.955,0,0
javaw.exe,9000,0x0000000000000000,Other,-1,0,0,Composed: Copy with GPU GDI,0,1,0,4.802396,3.523,16.704,0.000,1.111,35.048,4.633,0,0
javaw.exe,9000,0x0000000000000000,Other,-1,0,0,Composed: Copy with GPU GDI,0,0,1,4.807585,5.188,0.000,0.000,1.017,0.000,6.206,0,0
javaw.exe,9000,0x0000000000000000,Other,-1,0,0,Composed: Copy with GPU GDI,0,0,1,4.810454,2.869,0.000,0.000,1.037,0.000,3.906,0,0
javaw.exe,9000,0x0000000000000000,Other,-1,0,0,Composed: Copy with GPU GDI,0,1,0,4.813337,2.884,0.000,0.000,1.090,24.107,3.973,0,0
javaw.exe,9000,0x0000000000000000,Other,-1,0,0,Composed: Copy with GPU GDI,0,1,0,4.848823,35.485,33.362,0.000,1.935,21.984,37.421,0,0
javaw.exe,9000,0x0000000000000000,Other,-1,0,0,Composed: Copy with GPU GDI,0,0,1,4.852994,4.171,0.000,0.000,1.173,0.000,5.344,0,0
javaw.exe,9000,0x0000000000000000,Other,-1,0,0,Composed: Copy with GPU GDI,0,1,0,4.856636,3.643,18.314,0.000,1.097,32.485,4.740,0,0
javaw.exe,9000,0x0000000000000000,Other,-1,0,0,Composed: Copy with GPU GDI,0,0,1,4.861400,4.764,0.000,0.000,1.333,0.000,6.097,0,0
javaw.exe,9000,0x0000000000000000,Other,-1,0,0,Composed: Copy with GPU GDI,0,1,0,4.864696,3.296,0.000,0.000,1.173,24.424,4.469,0,0
javaw.exe,9000,0x0000000000000000,Other,-1,0,0,Composed: Copy with GPU GDI,0,1,0,4.904007,39.310,31.679,0.000,1.866,16.793,41.176,0,0
javaw.exe,9000,0x0000000000000000,Other,-1,0,0,Composed: Copy with GPU GDI,0,0,1,4.908166,4.159,0.000,0.000,1.223,0.000,5.383,0,0
javaw.exe,9000,0x0000000000000000,Other,-1,0,0,Composed: Copy with GPU GDI,0,0,1,4.911608,3.442,0.000,0.000,1.142,0.000,4.584,0,0
javaw.exe,9000,0x0000000000000000,Other,-1,0,0,Composed: Copy with GPU GDI,0,1,0,4.915439,3.830,16.690,0.000,3.143,22.051,6.974,0,0
javaw.exe,9000,0x0000000000000000,Other,-1,0,0,Composed: Copy with GPU GDI,0,1,0,4.967370,51.931,49.950,0.000,1.739,20.070,53.671,0,0
javaw.exe,9000,0x0000000000000000,Other,-1,0,0,Composed: Copy with GPU GDI,0,1,0,5.006208,38.838,33.466,0.000,1.656,14.699,40.494,0,0
javaw.exe,9000,0x0000000000000000,Other,-1,0,0,Composed: Copy with GPU GDI,0,0,1,5.010028,3.820,0.000,0.000,1.061,0.000,4.881,0,0
javaw.exe,9000,0x0000000000000000,Other,-1,0,0,Composed: Copy with GPU GDI,0,0,1,5.013138,3.110,0.000,0.000,0.979,0.000,4.089,0,0
javaw.exe,9000,0x0000000000000000,Other,-1,0,0,Composed: Copy with GPU GDI,0,1,0,5.015995,2.857,16.521,0.000,2.346,21.434,5.202,0,0
javaw.exe,9000,0x0000000000000000,Other,-1,0,0,Composed: Copy with GPU GDI,0,1,0,5.020178,4.183,16.757,0.000,1.044,34.007,5.228,0,0
javaw.exe,9000,0x0000000000000000,Other,-1,0,0,Composed: Copy with GPU GDI,0,1,0,5.069261,49.083,33.216,0.000,2.385,18.140,51.468,0,0
javaw.exe,9000,0x0000000000000000,Other,-1,0,0,Composed: Copy with GPU GDI,0,1,0,5.106296,37.035,33.401,0.000,2.828,14.506,39.863,0,0
javaw.exe,9000,0x0000000000000000,Other,-1,0,0,Composed: Copy with GPU GDI,0,0,1,5.111351,5.055,0.000,0.000,0.985,0.000,6.040,0,0
javaw.exe,9000,0x0000000000000000,Other,-1,0,0,Composed: Copy with GPU GDI,0,0,1,5.114437,3.086,0.000,0.000,1.135,0.000,4.220,0,0
javaw.exe,9000,0x0000000000000000,Other,-1,0,0,Composed: Copy with GPU GDI,0,1,0,5.119762,5.325,16.634,0.000,1.059,17.675,6.384,0,0
javaw.exe,9000,0x0000000000000000,Other,-1,0,0,Composed: Copy with GPU GDI,0,1,0,5.154375,34.613,33.317,0.000,1.195,16.379,35.808,0,0
javaw.exe,9000,0x0000000000000000,Other,-1,0,0,Composed: Copy with GPU GDI,0,0,1,5.158359,3.984,0.000,0.000,1.349,0.000,5.332,0,0
javaw.exe,9000,0x0000000000000000,Other,-1,0,0,Composed: Copy with GPU GDI,0,0,1,5.161768,3.409,0.000,0.000,1.139,0.000,4.549,0,0
javaw.exe,9000,0x0000000000000000,Other,-1,0,0,Composed: Copy with GPU GDI,0,0,1,5.166681,4.912,0.000,0.000,0.934,0.000,5.846,0,0
javaw.exe,9000,0x0000000000000000,Other,-1,0,0,Composed: Copy with GPU GDI,0,1,0,5.169625,2.945,16.680,0.000,0.912,17.809,3.857,0,0
javaw.exe,9000,0x0000000000000000,Other,-1,0,0,Composed: Copy with GPU GDI,0,1,0,5.172555,2.930,16.659,0.000,1.212,31.538,4.142,0,0
javaw.exe,9000,0x0000000000000000,Other,-1,0,0,Composed: Copy with GPU GDI,0,1,0,5.208552,35.998,16.728,0.000,1.358,12.268,37.356,0,0
javaw.exe,9000,0x0000000000000000,Other,-1,0,0,Composed: Copy with GPU GDI,0,0,1,5.211925,3.373,0.000,0.000,1.173,0.000,4.546,0,0
javaw.exe,9000,0x0000000000000000,Other,-1,0,0,Composed: Copy with GPU GDI,0,1,0,5.215418,3.492,16.586,0.000,0.931,21.989,4.424,0,0
javaw.exe,9000,0x0000000000000000,Other,-1,0,0,Composed: Copy with GPU GDI,0,0,1,5.220101,4.683,0.000,0.000,1.098,0.000,5.781,0,0
javaw.exe,9000,0x0000000000000000,Other,-1,0,0,Composed: Copy with GPU GDI,0,1,0,5.223319,3.218,16.707,0.000,1.168,30.795,4.386,0,0
javaw.exe,9000,0x0000000000000000,Other,-1,0,0,Composed: Copy with GPU GDI,0,1,0,5.260550,37.231,33.348,0.000,2.982,26.912,40.212,0,0
javaw.exe,9000,0x0000000000000000,Other,-1,0,0,Composed: Copy with GPU GDI,0,1,0,5.266058,5.508,16.677,0.000,1.496,38.080,7.004,0,0
javaw.exe,9000,0x0000000000000000,Other,-1,0,0,Composed: Copy with GPU GDI,0,0,1,5.269688,3.630,0.000,0.000,2.841,0.000,6.471,0,0
javaw.exe,9000,0x0000000000000000,Other,-1,0,0,Composed: Copy with GPU GDI,0,1,0,5.274471,4.783,0.000,0.000,1.175,29.667,5.957,0,0
javaw.exe,9000,0x0000000000000000,Other,-1,0,0,Composed: Copy with GPU GDI,0,1,0,5.331822,57.351,49.964,0.000,0.893,22.280,58.244,0,0
javaw.exe,9000,0x0000000000000000,Other,-1,0,0,Composed: Copy with GPU GDI,0,1,0,5.364772,32.950,33.320,0.000,1.791,22.651,34.741,0,0
javaw.exe,9000,0x0000000000000000,Other,-1,0,0,Composed: Copy with GPU GDI,0,0,1,5.368876,4.104,0.000,0.000,1.343,0.000,5.447,0,0
javaw.exe,9000,0x0000000000000000,Other,-1,0,0,Composed: Copy with GPU GDI,0,1,0,5.372453,3.578,16.690,0.000,1.273,31.659,4.851,0,0
javaw.exe,9000,0x0000000000000000,Other,-1,0,0,Composed: Copy with GPU GDI,0,1,0,5.377951,5.497,0.000,0.000,1.224,26.162,6.722,0,0
javaw.exe,9000,0x0000000000000000,Other,-1,0,0,Composed: Copy with GPU GDI,0,1,0,5.410533,32.583,16.621,0.000,1.160,10.200,33.743,0,0
javaw.exe,9000,0x0000000000000000,Other,-1,0,0,Composed: Copy with GPU GDI,0,0,1,5.414140,3.607,0.000,0.000,1.467,0.000,5.074,0,0
javaw.exe,9000,0x0000000000000000,Other,-1,0,0,Composed: Copy with GPU GDI,0,1,0,5.417851,3.711,16.682,0.000,2.749,19.565,6.460,0,0
javaw.exe,9000,0x0000000000000000,Other,-1,0,0,Composed: Copy with GPU GDI,0,0,1,5.422427,4.577,0.000,0.000,1.902,0.000,6.479,0,0
javaw.exe,9000,0x0000000000000000,Other,-1,0,0,Composed: Copy with GPU GDI,0,0,1,5.427181,4.754,0.000,0.000,0.896,0.000,5.650,0,0
javaw.exe,9000,0x0000000000000000,Other,-1,0,0,Composed: Copy with GPU GDI,0,1,0,5.430350,3.169,16.724,0.000,1.384,23.790,4.553,0,0
javaw.exe,9000,0x0000000000000000,Other,-1,0,0,Composed: Copy with GPU GDI,0,1,0,5.475581,45.231,33.315,0.000,1.242,11.874,46.472,0,0
javaw.exe,9000,0x0000000000000000,Other,-1,0,0,Composed: Copy with GPU GDI,0,1,0,5.479443,3.862,16.678,0.000,1.307,24.690,5.169,0,0
javaw.exe,9000,0x0000000000000000,Other,-1,0,0,Composed: Copy with GPU GDI,0,0,1,5.513133,33.691,0.000,0.000,1.377,0.000,35.067,0,0
javaw.exe,9000,0x0000000000000000,Other,-1,0,0,Composed: Copy with GPU GDI,0,1,0,5.516998,3.865,33.346,0.000,1.014,20.481,4.878,0,0
javaw.exe,9000,0x0000000000000000,Other,-1,0,0,Composed: Copy with GPU GDI,0,0,1,5.520187,3.189,0.000,0.000,1.069,0.000,4.259,0,0
javaw.exe,9000,0x0000000000000000,Other,-1,0,0,Composed: Copy with GPU GDI,0,0,1,5.523771,3.584,0.000,0.000,1.099,0.000,4.684,0,0
javaw.exe,9000,0x0000000000000000,Other,-1,0,0,Composed: Copy with GPU GDI,0,0,1,5.526975,3.204,0.000,0.000,1.098,0.000,4.302,0,0
javaw.exe,9000,0x0000000000000000,Other,-1,0,0,Composed: Copy with GPU GDI,0,1,0,5.533435,6.460,16.651,0.000,1.758,20.695,8.217,0,0
javaw.exe,9000,0x0000000000000000,Other,-1,0,0,Composed: Copy with GPU GDI,0,1,0,5.568108,34.673,33.312,0.000,1.204,19.333,35.877,0,0
javaw.exe,9000,0x0000000000000000,Other,-1,0,0,Composed: Copy with GPU GDI,0,1,0,5.572133,4.024,16.659,0.000,1.945,31.967,5.970,0,0
javaw.exe,9000,0x0000000000000000,Other,-1,0,0,Composed: Copy with GPU GDI,0,0,1,5.577343,5.210,0.000,0.000,3.383,0.000,8.593,0,0
javaw.exe,9000,0x0000000000000000,Other,-1,0,0,Composed: Copy with GPU GDI,0,1,0,5.582967,5.624,0.000,0.000,1.281,21.133,6.905,0,0
javaw.exe,9000,0x0000000000000000,Other,-1,0,0,Composed: Copy with GPU GDI,0,1,0,5.618672,35.705,33.321,0.000,1.133,18.749,36.838,0,0
javaw.exe,9000,0x0000000000000000,Other,-1,0,0,Composed: Copy with GPU GDI,0,1,0,5.621962,3.290,16.657,0.000,2.171,32.116,5.461,0,0
javaw.exe,9000,0x0000000000000000,Other,-1,0,0,Composed: Copy with GPU GDI,0,0,1,5.626490,4.527,0.000,0.000,1.912,0.000,6.440,0,0
javaw.exe,9000,0x0000000000000000,Other,-1,0,0,Composed: Copy with GPU GDI,0,0,1,5.630665,4.175,0.000,0.000,0.979,0.000,5.154,0,0
javaw.exe,9000,0x0000000000000000,Other,-1,0,0,Composed: Copy with GPU GDI,0,1,0,5.633476,2.811,0.000,0.000,1.040,20.602,3.851,0,0
javaw.exe,9000,0x0000000000000000,Other,-1,0,0,Composed: Copy with GPU GDI,0,1,0,5.665357,31.881,33.316,0.000,1.498,22.037,33.379,0,0
javaw.exe,9000,0x0000000000000000,Other,-1,0,0,Composed: Copy with GPU GDI,0,1,0,5.668907,3.549,16.719,0.000,1.946,35.207,5.495,0,0
javaw.exe,9000,0x0000000000000000,Other,-1,0,0,Composed: Copy with GPU GDI,0,0,1,5.672974,4.067,0.000,0.000,2.600,0.000,6.667,0,0
javaw.exe,9000,0x0000000000000000,Other,-1,0,0,Composed: Copy with GPU GDI,0,0,1,5.677543,4.569,0.000,0.000,0.845,0.000,5.413,0,0
javaw.exe,9000,0x0000000000000000,Other,-1,0,0,Composed: Copy with GPU GDI,0,0,1,5.680051,2.509,0.000,0.000,1.003,0.000,3.511,0,0
javaw.exe,9000,0x0000000000000000,Other,-1,0,0,Composed: Copy with GPU GDI,0,0,1,5.682929,2.878,0.000,0.000,1.099,0.000,3.978,0,0
javaw.exe,9000,0x0000000000000000,Other,-1,0,0,Composed: Copy with GPU GDI,0,1,0,5.686151,3.221,0.000,0.000,1.104,17.963,4.326,0,0
javaw.exe,9000,0x0000000000000000,Other,-1,0,0,Composed: Copy with GPU GDI,0,1,0,5.718715,32.564,33.322,0.000,1.157,18.720,33.721,0,0
javaw.exe,9000,0x0000000000000000,Other,-1,0,0,Composed: Copy with GPU GDI,0,1,0,5.749336,30.622,33.303,0.000,2.992,21.402,33.613,0,0
javaw.exe,9000,0x0000000000000000,Other,-1,0,0,Composed: Copy with GPU GDI,0,1,0,5.781635,32.298,33.371,0.000,1.789,22.474,34.087,0,0
javaw.exe,9000,0x0000000000000000,Other,-1,0,0,Composed: Copy with GPU GDI,0,1,0,5.785558,3.923,16.688,0.000,1.746,35.239,5.669,0,0
javaw.exe,9000,0x0000000000000000,Other,-1,0,0,Composed: Copy with GPU GDI,0,1,0,5.820616,35.058,16.647,0.000,1.218,16.828,36.277,0,0
javaw.exe,9000,0x0000000000000000,Other,-1,0,0,Composed: Copy with GPU GDI,0,0,1,5.824091,3.475,0.000,0.000,1.465,0.000,4.939,0,0
javaw.exe,9000,0x0000000000000000,Other,-1,0,0,Composed: Copy with GPU GDI,0,0,1,5.827960,3.870,0.000,0.000,2.692,0.000,6.562,0,0
javaw.exe,9000,0x0000000000000000,Other,-1,0,0,Composed: Copy with GPU GDI,0,0,1,5.832654,4.694,0.000,0.000,0.996,0.000,5.690,0,0
javaw.exe,9000,0x0000000000000000,Other,-1,0,0,Composed: Copy with GPU GDI,0,1,0,5.835519,2.865,16.690,0.000,1.149,18.615,4.014,0,0
javaw.exe,9000,0x0000000000000000,Other,-1,0,0,Composed: Copy with GPU GDI,0,1,0,5.838720,3.201,16.653,0.000,1.236,32.067,4.438,0,0
javaw.exe,9000,0x0000000000000000,Other,-1,0,0,Composed: Copy with GPU GDI,0,1,0,5.872535,33.815,16.636,0.000,1.506,14.889,35.320,0,0
javaw.exe,9000,0x0000000000000000,Other,-1,0,0,Composed: Copy with GPU GDI,0,0,1,5.876160,3.624,0.000,0.000,1.290,0.000,4.914,0,0
javaw.exe,9000,0x0000000000000000,Other,-1,0,0,Composed: Copy with GPU GDI,0,0,1,5.879821,3.662,0.000,0.000,3.424,0.000,7.085,0,0
javaw.exe,9000,0x0000000000000000,Other,-1,0,0,Composed: Copy with GPU GDI,0,1,0,5.885152,5.331,16.714,0.000,1.015,18.986,6.346,0,0
javaw.exe,9000,0x0000000000000000,Other,-1,0,0,Composed: Copy with GPU GDI,0,0,1,5.888152,3.000,0.000,0.000,1.142,0.000,4.142,0,0
javaw.exe,9000,0x0000000000000000,Other,-1,0,0,Composed: Copy with GPU GDI,0,1,0,5.891620,3.467,16.659,0.000,1.381,29.178,4.848,0,0
javaw.exe,9000,0x0000000000000000,Other,-1,0,0,Composed: Copy with GPU GDI,0,1,0,5.925750,34.130,16.619,0.000,2.055,11.667,36.185,0,0
javaw.exe,9000,0x0000000000000000,Other,-1,0,0,Composed: Copy with GPU GDI,0,0,1,5.930129,4.380,0.000,0.000,1.121,0.000,5.501,0,0
javaw.exe,9000,0x0000000000000000,Other,-1,0,0,Composed: Copy with GPU GDI,0,1,0,5.933344,3.215,16.700,0.000,3.285,20.772,6.501,0,0
javaw.exe,9000,0x0000000000000000,Other,-1,0,0,Composed: Copy with GPU GDI,0,0,1,5.938599,5.254,0.000,0.000,1.083,0.000,6.337,0,0
javaw.exe,9000,0x0000000000000000,Other,-1,0,0,Composed: Copy with GPU GDI,0,1,0,5.942132,3.534,16.656,0.000,1.641,28.640,5.174,0,0
javaw.exe,9000,0x0000000000000000,Other,-1,0,0,Composed: Copy with GPU GDI,0,1,0,5.975791,33.659,16.647,0.000,1.217,11.629,34.876,0,0
javaw.exe,9000,0x0000000000000000,Other,-1,0,0,Composed: Copy with GPU GDI,0,0,1,5.979607,3.817,0.000,0.000,1.775,0.000,5.591,0,0
javaw.exe,9000,0x0000000000000000,Other,-1,0,0,Composed: Copy with GPU GDI,0,1,0,5.983960,4.352,16.679,0.000,2.754,20.139,7.107,0,0
javaw.exe,9000,0x0000000000000000,Other,-1,0,0,Composed: Copy with GPU GDI,0,0,1,5.989038,5.079,0.000,0.000,1.111,0.000,6.190,0,0
javaw.exe,9000,0x0000000000000000,Other,-1,0,0,Composed: Copy with GPU GDI,0,1,0,5.992757,3.718,16.648,0.000,1.709,27.990,5.428,0,0
javaw.exe,9000,0x0000000000000000,Other,-1,0,0,Composed: Copy with GPU GDI,0,1,0,6.026092,33.335,16.653,0.000,1.072,11.308,34.407,0,0
javaw.exe,9000,0x0000000000000000,Other,-1,0,0,Composed: Copy with GPU GDI,0,0,1,6.029274,3.183,0.000,0.000,1.124,0.000,4.307,0,0
javaw.exe,9000,0x0000000000000000,Other,-1,0,0,Composed: Copy with GPU GDI,0,1,0,6.033004,3.730,16.647,0.000,2.705,21.042,6.435,0,0
javaw.exe,9000,0x0000000000000000,Other,-1,0,0,Composed: Copy with GPU GDI,0,0,1,6.037538,4.533,0.000,0.000,0.970,0.000,5.503,0,0
javaw.exe,9000,0x0000000000000000,Other,-1,0,0,Composed: Copy with GPU GDI,0,0,1,6.040819,3.281,0.000,0.000,1.168,0.000,4.449,0,0
javaw.exe,9000,0x0000000000000000,Other,-1,0,0,Composed: Copy with GPU GDI,0,1,0,6.045254,4.435,16.659,0.000,1.072,25.451,5.507,0,0
javaw.exe,9000,0x0000000000000000,Other,-1,0,0,Composed: Copy with GPU GDI,0,1,0,6.078045,32.791,33.414,0.000,1.662,26.075,34.453,0,0
javaw.exe,9000,0x0000000000000000,Other,-1,0,0,Composed: Copy with GPU GDI,0,0,1,6.081788,3.743,0.000,0.000,1.814,0.000,5.557,0,0
javaw.exe,9000,0x0000000000000000,Other,-1,0,0,Composed: Copy with GPU GDI,0,1,0,6.085824,4.036,16.666,0.000,3.255,34.962,7.290,0,0
javaw.exe,9000,0x0000000000000000,Other,-1,0,0,Composed: Copy with GPU GDI,0,0,1,6.090938,5.114,0.000,0.000,1.046,0.000,6.160,0,0
javaw.exe,9000,0x0000000000000000,Other,-1,0,0,Composed: Copy with GPU GDI,0,1,0,6.093882,2.944,0.000,0.000,1.153,26.903,4.097,0,0
javaw.exe,9000,0x0000000000000000,Other,-1,0,0,Composed: Copy with GPU GDI,0,1,0,6.128315,34.433,33.334,0.000,2.767,25.803,37.200,0,0
javaw.exe,9000,0x0000000000000000,Other,-1,0,0,Composed: Copy with GPU GDI,0,0,1,6.133325,5.010,0.000,0.000,1.195,0.000,6.205,0,0
javaw.exe,9000,0x0000000000000000,Other,-1,0,0,Composed: Copy with GPU GDI,0,1,0,6.136867,3.541,16.679,0.000,3.519,33.931,7.061,0,0
javaw.exe,9000,0x0000000000000000,Other,-1,0,0,Composed: Copy with GPU GDI,0,0,1,6.142263,5.397,0.000,0.000,1.091,0.000,6.488,0,0
javaw.exe,9000,0x0000000000000000,Other,-1,0,0,Composed: Copy with GPU GDI,0,1,0,6.145208,2.945,0.000,0.000,1.466,25.590,4.411,0,0
javaw.exe,9000,0x0000000000000000,Other,-1,0,0,Composed: Copy with GPU GDI,0,1,0,6.178157,32.949,16.585,0.000,1.492,9.226,34.440,0,0
javaw.exe,9000,0x0000000000000000,Other,-1,0,0,Composed: Copy with GPU GDI,0,1,0,6.181814,3.657,16.728,0.000,1.573,22.297,5.231,0,0
javaw.exe,9000,0x0000000000000000,Other,-1,0,0,Composed: Copy with GPU GDI,0,0,1,6.186010,4.195,0.000,0.000,2.572,0.000,6.767,0,0
javaw.exe,9000,0x0000000000000000,Other,-1,0,0,Composed: Copy with GPU GDI,0,0,1,6.190505,4.496,0.000,0.000,1.060,0.000,5.556,0,0
javaw.exe,9000,0x0000000000000000,Other,-1,0,0,Composed: Copy with GPU GDI,0,0,1,6.194726,4.221,0.000,0.000,0.956,0.000,5.177,0,0
javaw.exe,9000,0x0000000000000000,Other,-1,0,0,Composed: Copy with GPU GDI,0,1,0,6.197571,2.845,16.673,0.000,1.169,23.213,4.014,0,0
javaw.exe,9000,0x0000000000000000,Other,-1,0,0,Composed: Copy with GPU GDI,0,1,0,6.230642,33.071,33.313,0.000,1.271,23.456,34.342,0,0
javaw.exe,9000,0x0000000000000000,Other,-1,0,0,Composed: Copy with GPU GDI,0,1,0,6.234431,3.789,16.673,0.000,3.752,36.340,7.541,0,0
javaw.exe,9000,0x0000000000000000,Other,-1,0,0,Composed: Copy with GPU GDI,0,0,1,6.242255,7.824,0.000,0.000,1.087,0.000,8.912,0,0
javaw.exe,9000,0x0000000000000000,Other,-1,0,0,Composed: Copy with GPU GDI,0,0,1,6.245383,3.127,0.000,0.000,1.029,0.000,4.156,0,0
javaw.exe,9000,0x0000000000000000,Other,-1,0,0,Composed: Copy with GPU GDI,0,1,0,6.248770,3.387,0.000,0.000,1.192,22.001,4.579,0,0
javaw.exe,9000,0x0000000000000000,Other,-1,0,0,Composed: Copy with GPU GDI,0,1,0,6.281585,32.815,33.338,0.000,3.426,22.524,36.241,0,0
javaw.exe,9000,0x0000000000000000,Other,-1,0,0,Composed: Copy with GPU GDI,0,0,1,6.287660,6.075,0.000,0.000,1.701,0.000,7.776,0,0
javaw.exe,9000,0x0000000000000000,Other,-1,0,0,Composed: Copy with GPU GDI,0,1,0,6.291266,3.606,16.664,0.000,3.328,29.508,6.934,0,0
javaw.exe,9000,0x0000000000000000,Other,-1,0,0,Composed: Copy with GPU GDI,0,0,1,6.296545,5.279,0.000,0.000,1.201,0.000,6.481,0,0
javaw.exe,9000,0x0000000000000000,Other,-1,0,0,Composed: Copy with GPU GDI,0,1,0,6.299890,3.345,0.000,0.000,1.034,20.884,4.378,0,0
javaw.exe,9000,0x0000000000000000,Other,-1,0,0,Composed: Copy with GPU GDI,0,1,0,6.332726,32.836,33.390,0.000,2.028,21.438,34.864,0,0
javaw.exe,9000,0x0000000000000000,Other,-1,0,0,Composed: Copy with GPU GDI,0,0,1,6.337064,4.338,0.000,0.000,1.216,0.000,5.555,0,0
javaw.exe,9000,0x0000000000000000,Other,-1,0,0,Composed: Copy with GPU GDI,0,1,0,6.340584,3.520,16.617,0.000,1.093,30.197,4.613,0,0
javaw.exe,9000,0x0000000000000000,Other,-1,0,0,Composed: Copy with GPU GDI,0,0,1,6.345828,5.244,0.000,0.000,1.267,0.000,6.511,0,0
javaw.exe,9000,0x0000000000000000,Other,-1,0,0,Composed: Copy with GPU GDI,0,1,0,6.349138,3.310,0.000,0.000,1.558,21.643,4.868,0,0
javaw.exe,9000,0x0000000000000000,Other,-1,0,0,Composed: Copy with GPU GDI,0,1,0,6.383505,34.367,33.256,0.000,1.121,20.532,35.489,0,0
javaw.exe,9000,0x0000000000000000,Other,-1,0,0,Composed: Copy with GPU GDI,0,1,0,6.386916,3.410,16.680,0.000,1.185,33.801,4.596,0,0
javaw.exe,9000,0x0000000000000000,Other,-1,0,0,Composed: Copy with GPU GDI,0,0,1,6.390479,3.563,0.000,0.000,3.158,0.000,6.722,0,0
javaw.exe,9000,0x0000000000000000,Other,-1,0,0,Composed: Copy with GPU GDI,0,0,1,6.395816,5.337,0.000,0.000,1.046,0.000,6.383,0,0
javaw.exe,9000,0x0000000000000000,Other,-1,0,0,Composed: Copy with GPU GDI,0,0,1,6.398712,2.895,0.000,0.000,1.613,0.000,4.508,0,0
javaw.exe,9000,0x0000000000000000,Other,-1,0,0,Composed: Copy with GPU GDI,0,1,0,6.402720,4.008,0.000,0.000,1.190,17.998,5.198,0,0
javaw.exe,9000,0x0000000000000000,Other,-1,0,0,Composed: Copy with GPU GDI,0,1,0,6.437987,35.267,33.438,0.000,1.127,16.169,36.394,0,0
javaw.exe,9000,0x0000000000000000,Other,-1,0,0,Composed: Copy with GPU GDI,0,0,1,6.441850,3.863,0.000,0.000,1.198,0.000,5.061,0,0
javaw.exe,9000,0x0000000000000000,Other,-1,0,0,Composed: Copy with GPU GDI,0,0,1,6.445182,3.332,0.000,0.000,1.150,0.000,4.482,0,0
javaw.exe,9000,0x0000000000000000,Other,-1,0,0,Composed: Copy with GPU GDI,0,1,0,6.450910,5.728,16.613,0.000,1.274,19.859,7.002,0,0
javaw.exe,9000,0x0000000000000000,Other,-1,0,0,Composed: Copy with GPU GDI,0,1,0,6.499757,48.847,49.927,0.000,1.081,20.939,49.929,0,0
javaw.exe,9000,0x0000000000000000,Other,-1,0,0,Composed: Copy with GPU GDI,0,1,0,6.503094,3.336,16.819,0.000,1.349,34.422,4.685,0,0
javaw.exe,9000,0x0000000000000000,Other,-1,0,0,Composed: Copy with GPU GDI,0,1,0,6.538900,35.806,16.541,0.000,1.134,15.157,36.940,0,0
javaw.exe,9000,0x0000000000000000,Other,-1,0,0,Composed: Copy with GPU GDI,0,0,1,6.542137,3.237,0.000,0.000,1.100,0.000,4.337,0,0
javaw.exe,9000,0x0000000000000000,Other,-1,0,0,Composed: Copy with GPU GDI,0,0,1,6.545220,3.083,0.000,0.000,0.931,0.000,4.014,0,0
javaw.exe,9000,0x0000000000000000,Other,-1,0,0,Composed: Copy with GPU GDI,0,0,1,6.548043,2.823,0.000,0.000,2.486,0.000,5.309,0,0
javaw.exe,9000,0x0000000000000000,Other,-1,0,0,Composed: Copy with GPU GDI,0,1,0,6.552356,4.313,16.712,0.000,1.027,18.413,5.341,0,0
javaw.exe,9000,0x0000000000000000,Other,-1,0,0,Composed: Copy with GPU GDI,0,1,0,6.555354,2.998,16.684,0.000,1.335,32.099,4.333,0,0
javaw.exe,9000,0x0000000000000000,Other,-1,0,0,Composed: Copy with GPU GDI,0,1,0,6.590493,35.139,33.290,0.000,3.904,30.249,39.043,0,0
javaw.exe,9000,0x0000000000000000,Other,-1,0,0,Composed: Copy with GPU GDI,0,0,1,6.596889,6.396,0.000,0.000,1.353,0.000,7.749,0,0
javaw.exe,9000,0x0000000000000000,Other,-1,0,0,Composed: Copy with GPU GDI,0,1,0,6.600642,3.752,16.652,0.000,1.198,36.753,4.950,0,0
javaw.exe,9000,0x0000000000000000,Other,-1,0,0,Composed: Copy with GPU GDI,0,1,0,6.605906,5.265,0.000,0.000,1.320,31.488,6.585,0,0
javaw.exe,9000,0x0000000000000000,Other,-1,0,0,Composed: Copy with GPU GDI,0,1,0,6.641253,35.347,16.658,0.000,1.067,12.799,36.414,0,0
javaw.exe,9000,0x0000000000000000,Other,-1,0,0,Composed: Copy with GPU GDI,0,0,1,6.644450,3.197,0.000,0.000,2.785,0.000,5.982,0,0
javaw.exe,9000,0x0000000000000000,Other,-1,0,0,Composed: Copy with GPU GDI,0,1,0,6.651496,7.046,16.633,0.000,0.897,19.189,7.943,0,0
javaw.exe,9000,0x0000000000000000,Other,-1,0,0,Composed: Copy with GPU GDI,0,0,1,6.654161,2.665,0.000,0.000,1.099,0.000,3.765,0,0
javaw.exe,9000,0x0000000000000000,Other,-1,0,0,Composed: Copy with GPU GDI,0,1,0,6.657283,3.122,16.664,0.000,1.298,30.067,4.420,0,0
javaw.exe,9000,0x0000000000000000,Other,-1,0,0,Composed: Copy with GPU GDI,0,1,0,6.693266,35.983,16.711,0.000,1.446,10.795,37.429,0,0
javaw.exe,9000,0x0000000000000000,Other,-1,0,0,Composed: Copy with GPU GDI,0,1,0,6.696958,3.693,16.694,0.000,1.696,23.796,5.389,0,0
javaw.exe,9000,0x0000000000000000,Other,-1,0,0,Composed: Copy with GPU GDI,0,0,1,6.701418,4.460,0.000,0.000,3.619,0.000,8.079,0,0
javaw.exe,9000,0x0000000000000000,Other,-1,0,0,Composed: Copy with GPU GDI,0,1,0,6.706997,5.579,16.677,0.000,1.296,30.434,6.875,0,0
javaw.exe,9000,0x0000000000000000,Other,-1,0,0,Composed: Copy with GPU GDI,0,1,0,6.740124,33.126,16.616,0.000,1.343,13.924,34.470,0,0
javaw.exe,9000,0x0000000000000000,Other,-1,0,0,Composed: Copy with GPU GDI,0,0,1,6.743951,3.828,0.000,0.000,1.311,0.000,5.139,0,0
javaw.exe,9000,0x0000000000000000,Other,-1,0,0,Composed: Copy with GPU GDI,0,0,1,6.747825,3.873,0.000,0.000,2.448,0.000,6.322,0,0
javaw.exe,9000,0x0000000000000000,Other,-1,0,0,Composed: Copy with GPU GDI,0,1,0,6.751890,4.065,16.702,0.000,1.043,18.859,5.108,0,0
javaw.exe,9000,0x0000000000000000,Other,-1,0,0,Composed: Copy with GPU GDI,0,0,1,6.754919,3.029,0.000,0.000,1.038,0.000,4.067,0,0
javaw.exe,9000,0x0000000000000000,Other,-1,0,0,Composed: Copy with GPU GDI,0,1,0,6.758078,3.159,16.926,0.000,1.279,29.597,4.438,0,0
javaw.exe,9000,0x0000000000000000,Other,-1,0,0,Composed: Copy with GPU GDI,0,1,0,6.792485,34.407,16.390,0.000,1.565,11.581,35.971,0,0
javaw.exe,9000,0x0000000000000000,Other,-1,0,0,Composed: Copy with GPU GDI,0,0,1,6.796042,3.557,0.000,0.000,1.175,0.000,4.732,0,0
javaw.exe,9000,0x0000000000000000,Other,-1,0,0,Composed: Copy with GPU GDI,0,1,0,6.799441,3.400,17.218,0.000,1.050,21.842,4.450,0,0
javaw.exe,9000,0x0000000000000000,Other,-1,0,0,Composed: Copy with GPU GDI,0,0,1,6.802531,3.090,0.000,0.000,2.202,0.000,5.292,0,0
javaw.exe,9000,0x0000000000000000,Other,-1,0,0,Composed: Copy with GPU GDI,0,1,0,6.806735,4.205,16.154,0.000,1.573,30.702,5.778,0,0
javaw.exe,9000,0x0000000000000000,Other,-1,0,0,Composed: Copy with GPU GDI,0,1,0,6.843341,36.606,16.641,0.000,1.462,10.737,38.068,0,0
javaw.exe,9000,0x0000000000000000,Other,-1,0,0,Composed: Copy with GPU GDI,0,0,1,6.847086,3.744,0.000,0.000,1.311,0.000,5.056,0,0
javaw.exe,9000,0x0000000000000000,Other,-1,0,0,Composed: Copy with GPU GDI,0,1,0,6.850588,3.503,16.636,0.000,1.096,20.125,4.598,0,0
javaw.exe,9000,0x0000000000000000,Other,-1,0,0,Composed: Copy with GPU GDI,0,0,1,6.855504,4.916,0.000,0.000,1.092,0.000,6.008,0,0
javaw.exe,9000,0x0000000000000000,Other,-1,0,0,Composed: Copy with GPU GDI,0,1,0,6.859018,3.514,16.684,0.000,1.216,28.380,4.730,0,0
javaw.exe,9000,0x0000000000000000,Other,-1,0,0,Composed: Copy with GPU GDI,0,1,0,6.893362,34.344,16.618,0.000,1.286,10.654,35.630,0,0
javaw.exe,9000,0x0000000000000000,Other,-1,0,0,Composed: Copy with GPU GDI,0,0,1,6.896934,3.572,0.000,0.000,1.059,0.000,4.630,0,0
javaw.exe,9000,0x0000000000000000,Other,-1,0,0,Composed: Copy with GPU GDI,0,1,0,6.900712,3.778,16.718,0.000,1.048,20.023,4.826,0,0
javaw.exe,9000,0x0000000000000000,Other,-1,0,0,Composed: Copy with GPU GDI,0,0,1,6.905723,5.011,0.000,0.000,1.033,0.000,6.044,0,0
javaw.exe,9000,0x0000000000000000,Other,-1,0,0,Composed: Copy with GPU GDI,0,1,0,6.908771,3.048,16.613,0.000,2.018,28.576,5.066,0,0
javaw.exe,9000,0x0000000000000000,Other,-1,0,0,Composed: Copy with GPU GDI,0,1,0,6.942764,33.993,16.700,0.000,1.199,11.283,35.191,0,0
javaw.exe,9000,0x0000000000000000,Other,-1,0,0,Composed: Copy with GPU GDI,0,0,1,6.946079,3.315,0.000,0.000,1.006,0.000,4.321,0,0
javaw.exe,9000,0x0000000000000000,Other,-1,0,0,Composed: Copy with GPU GDI,0,1,0,6.949364,3.285,16.671,0.000,1.269,21.354,4.554,0,0
javaw.exe,9000,0x0000000000000000,Other,-1,0,0,Composed: Copy with GPU GDI,0,0,1,6.954296,4.932,0.000,0.000,1.100,0.000,6.032,0,0
javaw.exe,9000,0x0000000000000000,Other,-1,0,0,Composed: Copy with GPU GDI,0,0,1,6.957510,3.215,0.000,0.000,1.253,0.000,4.468,0,0
javaw.exe,9000,0x0000000000000000,Other,-1,0,0,Composed: Copy with GPU GDI,0,1,0,6.961543,4.033,16.655,0.000,1.222,25.830,5.255,0,0
javaw.exe,9000,0x0000000000000000,Other,-1,0,0,Composed: Copy with GPU GDI,0,1,0,6.995845,34.302,33.378,0.000,1.648,24.906,35.950,0,0
javaw.exe,9000,0x0000000000000000,Other,-1,0,0,Composed: Copy with GPU GDI,0,0,1,6.999353,3.508,0.000,0.000,1.170,0.000,4.678,0,0
javaw.exe,9000,0x0000000000000000,Other,-1,0,0,Composed: Copy with GPU GDI,0,1,0,7.002801,3.448,16.690,0.000,1.085,34.640,4.533,0,0
javaw.exe,9000,0x0000000000000000,Other,-1,0,0,Composed: Copy with GPU GDI,0,0,1,7.007954,5.153,0.000,0.000,1.167,0.000,6.319,0,0
javaw.exe,9000,0x0000000000000000,Other,-1,0,0,Composed: Copy with GPU GDI,0,1,0,7.010993,3.039,0.000,0.000,1.109,26.448,4.148,0,0
javaw.exe,9000,0x0000000000000000,Other,-1,0,0,Composed: Copy with GPU GDI,0,1,0,7.044983,33.991,33.296,0.000,2.023,25.753,36.014,0,0
javaw.exe,9000,0x0000000000000000,Other,-1,0,0,Composed: Copy with GPU GDI,0,0,1,7.049114,4.131,0.000,0.000,1.069,0.000,5.200,0,0
javaw.exe,9000,0x0000000000000000,Other,-1,0,0,Composed: Copy with GPU GDI,0,1,0,7.052165,3.051,16.644,0.000,1.029,35.216,4.080,0,0
javaw.exe,9000,0x0000000000000000,Other,-1,0,0,Composed: Copy with GPU GDI,0,0,1,7.057368,5.203,0.000,0.000,0.920,0.000,6.123,0,0
javaw.exe,9000,0x0000000000000000,Other,-1,0,0,Composed: Copy with GPU GDI,0,0,1,7.060541,3.172,0.000,0.000,1.021,0.000,4.193,0,0
javaw.exe,9000,0x0000000000000000,Other,-1,0,0,Composed: Copy with GPU GDI,0,1,0,7.063510,2.969,0.000,0.000,1.427,23.871,4.396,0,0
javaw.exe,9000,0x0000000000000000,Other,-1,0,0,Composed: Copy with GPU GDI,0,1,0,7.095832,32.322,33.520,0.000,1.697,25.069,34.019,0,0
javaw.exe,9000,0x0000000000000000,Other,-1,0,0,Composed: Copy with GPU GDI,0,0,1,7.099566,3.734,0.000,0.000,1.091,0.000,4.825,0,0
javaw.exe,9000,0x0000000000000000,Other,-1,0,0,Composed: Copy with GPU GDI,0,1,0,7.102804,3.239,16.514,0.000,1.312,34.610,4.550,0,0
javaw.exe,9000,0x0000000000000000,Other,-1,0,0,Composed: Copy with GPU GDI,0,0,1,7.108317,5.513,0.000,0.000,1.594,0.000,7.107,0,0
javaw.exe,9000,0x0000000000000000,Other,-1,0,0,Composed: Copy with GPU GDI,0,0,1,7.111798,3.481,0.000,0.000,1.598,0.000,5.079,0,0
javaw.exe,9000,0x0000000000000000,Other,-1,0,0,Composed: Copy with GPU GDI,0,1,0,7.115333,3.535,0.000,0.000,1.178,22.081,4.713,0,0
javaw.exe,9000,0x0000000000000000,Other,-1,0,0,Composed: Copy with GPU GDI,0,1,0,7.159037,43.704,33.281,0.000,1.126,11.658,44.831,0,0
javaw.exe,9000,0x0000000000000000,Other,-1,0,0,Composed: Copy with GPU GDI,0,0,1,7.162315,3.278,0.000,0.000,1.181,0.000,4.459,0,0
javaw.exe,9000,0x0000000000000000,Other,-1,0,0,Composed: Copy with GPU GDI,0,1,0,7.165774,3.459,16.740,0.000,2.020,21.662,5.479,0,0
javaw.exe,9000,0x0000000000000000,Other,-1,0,0,Composed: Copy with GPU GDI,0,1,0,7.200122,34.348,33.331,0.000,1.210,20.644,35.558,0,0
javaw.exe,9000,0x0000000000000000,Other,-1,0,0,Composed: Copy with GPU GDI,0,0,1,7.203369,3.247,0.000,0.000,1.009,0.000,4.256,0,0
javaw.exe,9000,0x0000000000000000,Other,-1,0,0,Composed: Copy with GPU GDI,0,0,1,7.206166,2.797,0.000,0.000,1.184,0.000,3.981,0,0
javaw.exe,9000,0x0000000000000000,Other,-1,0,0,Composed: Copy with GPU GDI,0,0,1,7.209324,3.158,0.000,0.000,1.076,0.000,4.234,0,0
javaw.exe,9000,0x0000000000000000,Other,-1,0,0,Composed: Copy with GPU GDI,0,0,1,7.212380,3.056,0.000,0.000,2.865,0.000,5.920,0,0
javaw.exe,9000,0x0000000000000000,Other,-1,0,0,Composed: Copy with GPU GDI,0,1,0,7.217165,4.785,16.930,0.000,1.309,20.532,6.094,0,0
javaw.exe,9000,0x0000000000000000,Other,-1,0,0,Composed: Copy with GPU GDI,0,1,0,7.250591,33.426,33.023,0.000,1.291,20.128,34.717,0,0
javaw.exe,9000,0x0000000000000000,Other,-1,0,0,Composed: Copy with GPU GDI,0,0,1,7.253907,3.315,0.000,0.000,1.374,0.000,4.689,0,0
javaw.exe,9000,0x0000000000000000,Other,-1,0,0,Composed: Copy with GPU GDI,0,1,0,7.257547,3.641,16.684,0.000,0.936,29.857,4.577,0,0
javaw.exe,9000,0x0000000000000000,Other,-1,0,0,Composed: Copy with GPU GDI,0,0,1,7.260707,3.160,0.000,0.000,1.698,0.000,4.858,0,0
javaw.exe,9000,0x0000000000000000,Other,-1,0,0,Composed: Copy with GPU GDI,0,0,1,7.264374,3.666,0.000,0.000,0.878,0.000,4.544,0,0
javaw.exe,9000,0x0000000000000000,Other,-1,0,0,Composed: Copy with GPU GDI,0,1,0,7.266905,2.531,0.000,0.000,1.212,20.499,3.744,0,0
javaw.exe,9000,0x0000000000000000,Other,-1,0,0,Composed: Copy with GPU GDI,0,1,0,7.304319,37.414,33.304,0.000,1.663,16.389,39.077,0,0
javaw.exe,9000,0x0000000000000000,Other,-1,0,0,Composed: Copy with GPU GDI,0,0,1,7.308256,3.937,0.000,0.000,1.740,0.000,5.677,0,0
javaw.exe,9000,0x0000000000000000,Other,-1,0,0,Composed: Copy with GPU GDI,0,0,1,7.312436,4.180,0.000,0.000,1.213,0.000,5.393,0,0
javaw.exe,9000,0x0000000000000000,Other,-1,0,0,Composed: Copy with GPU GDI,0,0,1,7.315746,3.310,0.000,0.000,1.914,0.000,5.224,0,0
javaw.exe,9000,0x0000000000000000,Other,-1,0,0,Composed: Copy with GPU GDI,0,1,0,7.319599,3.854,16.667,0.000,1.125,17.775,4.979,0,0
javaw.exe,9000,0x0000000000000000,Other,-1,0,0,Composed: Copy with GPU GDI,0,1,0,7.361382,41.782,49.988,0.000,1.305,25.981,43.087,0,0
javaw.exe,9000,0x0000000000000000,Other,-1,0,0,Composed: Copy with GPU GDI,0,0,1,7.365108,3.727,0.000,0.000,2.268,0.000,5.995,0,0
javaw.exe,9000,0x0000000000000000,Other,-1,0,0,Composed: Copy with GPU GDI,0,1,0,7.370289,5.181,16.699,0.000,1.389,33.772,6.570,0,0
javaw.exe,9000,0x0000000000000000,Other,-1,0,0,Composed: Copy with GPU GDI,0,1,0,7.413232,42.943,33.329,0.000,2.929,24.158,45.872,0,0
javaw.exe,9000,0x0000000000000000,Other,-1,0,0,Composed: Copy with GPU GDI,0,1,0,7.418746,5.513,16.698,0.000,1.427,35.343,6.940,0,0
javaw.exe,9000,0x0000000000000000,Other,-1,0,0,Composed: Copy with GPU GDI,0,1,0,7.459767,41.022,33.259,0.000,3.089,27.581,44.111,0,0
javaw.exe,9000,0x0000000000000000,Other,-1,0,0,Composed: Copy with GPU GDI,0,0,1,7.465323,5.555,0.000,0.000,1.490,0.000,7.045,0,0
javaw.exe,9000,0x0000000000000000,Other,-1,0,0,Composed: Copy with GPU GDI,0,1,0,7.469207,3.885,16.706,0.000,1.251,34.846,5.136,0,0
javaw.exe,9000,0x0000000000000000,Other,-1,0,0,Composed: Copy with GPU GDI,0,1,0,7.522597,53.389,33.321,0.000,1.393,14.778,54.782,0,0
javaw.exe,9000,0x0000000000000000,Other,-1,0,0,Composed: Copy with GPU GDI,0,1,0,7.555655,33.059,33.288,0.000,1.852,15.008,34.911,0,0
javaw.exe,9000,0x0000000000000000,Other,-1,0,0,Composed: Copy with GPU GDI,0,0,1,7.559574,3.919,0.000,0.000,1.889,0.000,5.808,0,0
javaw.exe,9000,0x0000000000000000,Other,-1,0,0,Composed: Copy with GPU GDI,0,0,1,7.563565,3.991,0.000,0.000,1.434,0.000,5.425,0,0
javaw.exe,9000,0x0000000000000000,Other,-1,0,0,Composed: Copy with GPU GDI,0,1,0,7.568503,4.938,16.718,0.000,1.145,18.878,6.083,0,0
javaw.exe,9000,0x0000000000000000,Other,-1,0,0,Composed: Copy with GPU GDI,0,1,0,7.571650,3.147,16.674,0.000,1.385,32.405,4.532,0,0
javaw.exe,9000,0x0000000000000000,Other,-1,0,0,Composed: Copy with GPU GDI,0,1,0,7.605781,34.131,16.631,0.000,1.236,14.905,35.367,0,0
javaw.exe,9000,0x0000000000000000,Other,-1,0,0,Composed: Copy with GPU GDI,0,0,1,7.609039,3.258,0.000,0.000,1.108,0.000,4.365,0,0
javaw.exe,9000,0x0000000000000000,Other,-1,0,0,Composed: Copy with GPU GDI,0,0,1,7.612116,3.077,0.000,0.000,1.041,0.000,4.118,0,0
javaw.exe,9000,0x0000000000000000,Other,-1,0,0,Composed: Copy with GPU GDI,0,0,1,7.616483,4.367,0.000,0.000,0.918,0.000,5.286,0,0
javaw.exe,9000,0x0000000000000000,Other,-1,0,0,Composed: Copy with GPU GDI,0,1,0,7.619070,2.587,16.696,0.000,0.967,18.313,3.554,0,0
javaw.exe,9000,0x0000000000000000,Other,-1,0,0,Composed: Copy with GPU GDI,0,1,0,7.621878,2.809,16.640,0.000,1.257,32.145,4.065,0,0
javaw.exe,9000,0x0000000000000000,Other,-1,0,0,Composed: Copy with GPU GDI,0,1,0,7.656437,34.559,16.642,0.000,1.119,14.228,35.678,0,0
javaw.exe,9000,0x0000000000000000,Other,-1,0,0,Composed: Copy with GPU GDI,0,0,1,7.659528,3.091,0.000,0.000,1.056,0.000,4.146,0,0
javaw.exe,9000,0x0000000000000000,Other,-1,0,0,Composed: Copy with GPU GDI,0,0,1,7.662744,3.216,0.000,0.000,1.831,0.000,5.047,0,0
javaw.exe,9000,0x0000000000000000,Other,-1,0,0,Composed: Copy with GPU GDI,0,1,0,7.668407,5.663,16.725,0.000,1.014,18.982,6.677,0,0
javaw.exe,9000,0x0000000000000000,Other,-1,0,0,Composed: Copy with GPU GDI,0,1,0,7.671636,3.228,16.658,0.000,1.303,32.412,4.532,0,0
javaw.exe,9000,0x0000000000000000,Other,-1,0,0,Composed: Copy with GPU GDI,0,1,0,7.709047,37.412,16.664,0.000,1.587,11.664,38.999,0,0
javaw.exe,9000,0x0000000000000000,Other,-1,0,0,Composed: Copy with GPU GDI,0,0,1,7.713425,4.378,0.000,0.000,1.129,0.000,5.507,0,0
javaw.exe,9000,0x0000000000000000,Other,-1,0,0,Composed: Copy with GPU GDI,0,1,0,7.717106,3.680,16.644,0.000,1.157,20.250,4.838,0,0
javaw.exe,9000,0x0000000000000000,Other,-1,0,0,Composed: Copy with GPU GDI,0,0,1,7.722292,5.186,0.000,0.000,1.260,0.000,6.446,0,0
javaw.exe,9000,0x0000000000000000,Other,-1,0,0,Composed: Copy with GPU GDI,0,1,0,7.725898,3.606,16.657,0.000,1.272,28.115,4.878,0,0
javaw.exe,9000,0x0000000000000000,Other,-1,0,0,Composed: Copy with GPU GDI,0,1,0,7.761436,35.538,33.339,0.000,1.433,25.916,36.971,0,0
javaw.exe,9000,0x0000000000000000,Other,-1,0,0,Composed: Copy with GPU GDI,0,0,1,7.764812,3.376,0.000,0.000,1.383,0.000,4.759,0,0
javaw.exe,9000,0x0000000000000000,Other,-1,0,0,Composed: Copy with GPU GDI,0,1,0,7.768573,3.761,16.659,0.000,3.163,35.437,6.924,0,0
javaw.exe,9000,0x0000000000000000,Other,-1,0,0,Composed: Copy with GPU GDI,0,1,0,7.773610,5.037,0.000,0.000,1.161,30.400,6.198,0,0
javaw.exe,9000,0x0000000000000000,Other,-1,0,0,Composed: Copy with GPU GDI,0,1,0,7.807529,33.919,16.754,0.000,1.242,13.235,35.161,0,0
javaw.exe,9000,0x0000000000000000,Other,-1,0,0,Composed: Copy with GPU GDI,0,0,1,7.811009,3.480,0.000,0.000,1.547,0.000,5.027,0,0
javaw.exe,9000,0x0000000000000000,Other,-1,0,0,Composed: Copy with GPU GDI,0,0,1,7.814809,3.799,0.000,0.000,3.004,0.000,6.804,0,0
javaw.exe,9000,0x0000000000000000,Other,-1,0,0,Composed: Copy with GPU GDI,0,1,0,7.819843,5.035,16.600,0.000,1.035,17.521,6.070,0,0
javaw.exe,9000,0x0000000000000000,Other,-1,0,0,Composed: Copy with GPU GDI,0,0,1,7.822924,3.081,0.000,0.000,1.321,0.000,4.402,0,0
javaw.exe,9000,0x0000000000000000,Other,-1,0,0,Composed: Copy with GPU GDI,0,1,0,7.826649,3.725,16.680,0.000,1.473,27.395,5.198,0,0
javaw.exe,9000,0x0000000000000000,Other,-1,0,0,Composed: Copy with GPU GDI,0,1,0,7.863494,36.844,33.306,0.000,1.116,23.856,37.960,0,0
javaw.exe,9000,0x0000000000000000,Other,-1,0,0,Composed: Copy with GPU GDI,0,0,1,7.867548,4.054,0.000,0.000,0.661,0.000,4.716,0,0
javaw.exe,9000,0x0000000000000000,Other,-1,0,0,Composed: Copy with GPU GDI,0,1,0,7.870695,3.147,16.705,0.000,1.871,33.360,5.018,0,0
javaw.exe,9000,0x0000000000000000,Other,-1,0,0,Composed: Copy with GPU GDI,0,1,0,7.874702,4.006,0.000,0.000,2.503,29.353,6.509,0,0
javaw.exe,9000,0x0000000000000000,Other,-1,0,0,Composed: Copy with GPU GDI,0,1,0,7.909569,34.868,33.343,0.000,2.481,27.828,37.349,0,0
javaw.exe,9000,0x0000000000000000,Other,-1,0,0,Composed: Copy with GPU GDI,0,0,1,7.913779,4.210,0.000,0.000,1.055,0.000,5.265,0,0
javaw.exe,9000,0x0000000000000000,Other,-1,0,0,Composed: Copy with GPU GDI,0,1,0,7.917049,3.270,16.660,0.000,1.230,37.009,4.500,0,0
javaw.exe,9000,0x0000000000000000,Other,-1,0,0,Composed: Copy with GPU GDI,0,0,1,7.922015,4.966,0.000,0.000,1.016,0.000,5.981,0,0
javaw.exe,9000,0x0000000000000000,Other,-1,0,0,Composed: Copy with GPU GDI,0,0,1,7.925196,3.182,0.000,0.000,1.079,0.000,4.261,0,0
javaw.exe,9000,0x0000000000000000,Other,-1,0,0,Composed: Copy with GPU GDI,0,1,0,7.928116,2.920,0.000,0.000,1.330,25.941,4.251,0,0
javaw.exe,9000,0x0000000000000000,Other,-1,0,0,Composed: Copy with GPU GDI,0,1,0,7.961557,33.440,33.336,0.000,1.264,25.837,34.704,0,0
javaw.exe,9000,0x0000000000000000,Other,-1,0,0,Composed: Copy with GPU GDI,0,1,0,7.964802,3.245,16.652,0.000,2.674,39.243,5.919,0,0
javaw.exe,9000,0x0000000000000000,Other,-1,0,0,Composed: Copy with GPU GDI,0,0,1,7.969631,4.829,0.000,0.000,4.065,0.000,8.894,0,0
javaw.exe,9000,0x0000000000000000,Other,-1,0,0,Composed: Copy with GPU GDI,0,0,1,7.975885,6.254,0.000,0.000,1.709,0.000,7.963,0,0
javaw.exe,9000,0x0000000000000000,Other,-1,0,0,Composed: Copy with GPU GDI,0,1,0,7.979913,4.028,0.000,0.000,1.332,24.133,5.361,0,0
javaw.exe,9000,0x0000000000000000,Other,-1,0,0,Composed: Copy with GPU GDI,0,1,0,8.013708,33.795,33.325,0.000,1.737,23.662,35.532,0,0
javaw.exe,9000,0x0000000000000000,Other,-1,0,0,Composed: Copy with GPU GDI,0,0,1,8.017382,3.674,0.000,0.000,1.182,0.000,4.856,0,0
javaw.exe,9000,0x0000000000000000,Other,-1,0,0,Composed: Copy with GPU GDI,0,1,0,8.020683,3.300,16.677,0.000,1.184,33.364,4.484,0,0
javaw.exe,9000,0x0000000000000000,Other,-1,0,0,Composed: Copy with GPU GDI,0,0,1,8.025768,5.085,0.000,0.000,1.060,0.000,6.146,0,0
javaw.exe,9000,0x0000000000000000,Other,-1,0,0,Composed: Copy with GPU GDI,0,1,0,8.028694,2.926,0.000,0.000,1.231,25.352,4.158,0,0
